,date,er_close,er_close_ma5,er_close_ma5_ratio,er_close_ma20,er_close_ma20_ratio,er_close_ma60,er_close_ma60_ratio,er_close_ma120,er_close_ma120_ratio
0,20160502,1137.8,,,,,,,,
1,20160503,1140.2,,,,,,,,
2,20160504,1154.3,,,,,,,,
3,20160509,1165.8,,,,,,,,
4,20160510,1172.6,1154.14,0.015994593,,,,,,
5,20160511,1167.6,1160.1,0.00646496,,,,,,
6,20160512,1162.6,1164.58,-0.001700184,,,,,,
7,20160513,1171.4,1168,0.002910959,,,,,,
8,20160516,1179.7,1170.78,0.007618852,,,,,,
9,20160517,1173.7,1171,0.002305722,,,,,,
10,20160518,1182.6,1174,0.007325383,,,,,,
11,20160519,1191.7,1179.82,0.010069333,,,,,,
12,20160520,1190.2,1183.58,0.0055932,,,,,,
13,20160523,1182.9,1184.22,-0.001114658,,,,,,
14,20160524,1192.7,1188.02,0.003939328,,,,,,
15,20160525,1182.5,1188,-0.00462963,,,,,,
16,20160526,1180.4,1185.74,-0.004503517,,,,,,
17,20160527,1179.3,1183.56,-0.003599311,,,,,,
18,20160530,1191.8,1185.34,0.005449913,,,,,,
19,20160531,1191.7,1185.14,0.005535211,1174.575,0.014579742,,,,
20,20160601,1193,1187.24,0.004851589,1177.335,0.013305474,,,,
21,20160602,1186.6,1188.48,-0.001581852,1179.655,0.005887315,,,,
22,20160603,1183.6,1189.34,-0.004826206,1181.12,0.002099702,,,,
23,20160607,1162.7,1183.52,-0.017591591,1180.965,-0.015466165,,,,
24,20160608,1156.6,1176.5,-0.016914577,1180.165,-0.019967547,,,,
25,20160609,1156,1169.1,-0.011205201,1179.585,-0.01999432,,,,
26,20160610,1165.5,1164.88,0.000532244,1179.73,-0.012062082,,,,
27,20160613,1173.4,1162.84,0.009081215,1179.83,-0.005449938,,,,
28,20160614,1173.2,1164.94,0.007090494,1179.505,-0.005345463,,,,
29,20160615,1173.3,1168.28,0.004296915,1179.485,-0.005243814,,,,
30,20160616,1171.4,1171.36,3.41E-05,1178.925,-0.006382934,,,,
31,20160617,1172.7,1172.8,-8.53E-05,1177.975,-0.004478024,,,,
32,20160620,1160.8,1170.28,-0.008100625,1176.505,-0.01334886,,,,
33,20160621,1156.6,1166.96,-0.008877768,1175.19,-0.015818719,,,,
34,20160622,1154.4,1163.18,-0.007548273,1173.275,-0.016087448,,,,
35,20160623,1150.2,1158.94,-0.007541374,1171.66,-0.018315894,,,,
36,20160624,1179.9,1160.38,0.016822076,1171.635,0.007054245,,,,
37,20160627,1182.3,1164.68,0.015128619,1171.785,0.008973489,,,,
38,20160628,1171.3,1167.62,0.00315171,1170.76,0.000461239,,,,
39,20160629,1160.2,1168.78,-0.007340988,1169.185,-0.00768484,,,,
40,20160630,1151.8,1169.1,-0.014797708,1167.125,-0.013130556,,,,
41,20160701,1145,1162.12,-0.014731697,1165.045,-0.017205344,,,,
42,20160704,1146.9,1155.04,-0.007047375,1163.21,-0.014021544,,,,
43,20160705,1155.4,1151.86,0.00307329,1162.845,-0.006402401,,,,
44,20160706,1165.6,1152.94,0.010980623,1163.295,0.001981441,,,,
45,20160707,1154.6,1153.5,0.000953619,1163.225,-0.007414731,,,,
46,20160708,1161.8,1156.86,0.00427018,1163.04,-0.001066171,,,,
47,20160711,1146.7,1156.82,-0.00874812,1161.705,-0.01291636,,,,
48,20160712,1148,1155.34,-0.006353108,1160.445,-0.010724334,,,,
49,20160713,1146.4,1151.5,-0.004429006,1159.1,-0.010956777,,,,
50,20160714,1137.4,1148.06,-0.009285229,1157.4,-0.017280111,,,,
51,20160715,1133.9,1142.48,-0.007509978,1155.46,-0.018659235,,,,
52,20160718,1136.4,1140.42,-0.003525017,1154.24,-0.015456058,,,,
53,20160719,1135.5,1137.92,-0.002126687,1153.185,-0.015335787,,,,
54,20160720,1141,1136.84,0.003659266,1152.515,-0.009991193,,,,
55,20160721,1135.9,1136.54,-0.000563113,1151.8,-0.01380448,,,,
56,20160722,1134.4,1136.64,-0.001970721,1149.525,-0.013157609,,,,
57,20160725,1137,1136.76,0.000211126,1147.26,-0.008943047,,,,
58,20160726,1134.9,1136.64,-0.001530828,1145.44,-0.009201704,,,,
59,20160727,1134.2,1135.28,-0.000951307,1144.14,-0.008687748,1162.633333,-0.024455976,,
60,20160728,1124.4,1132.98,-0.007572949,1142.77,-0.016074976,1162.41,-0.032699306,,
61,20160729,1120.2,1130.14,-0.00879537,1141.53,-0.018685448,1162.076667,-0.036036062,,
62,20160801,1108,1124.34,-0.01453297,1139.585,-0.02771623,1161.305,-0.045900948,,
63,20160802,1110,1119.36,-0.008361921,1137.315,-0.024017093,1160.375,-0.04341269,,
64,20160803,1117.6,1116.04,0.001397799,1134.915,-0.015256649,1159.458333,-0.036101628,,
65,20160804,1114,1113.96,3.59E-05,1132.885,-0.01666983,1158.565,-0.038465688,,
66,20160805,1110.4,1112,-0.001438849,1130.315,-0.017618982,1157.695,-0.040852729,,
67,20160808,1108.3,1112.06,-0.003381113,1128.395,-0.01780848,1156.643333,-0.041796232,,
68,20160809,1106.1,1111.28,-0.004661291,1126.3,-0.017934831,1155.416667,-0.042683015,,
69,20160810,1095.4,1106.84,-0.010335731,1123.75,-0.025228031,1154.111667,-0.050871738,,
70,20160811,1099.5,1103.94,-0.004021958,1121.855,-0.019926818,1152.726667,-0.046174577,,
71,20160812,1103.3,1102.52,0.00070747,1120.325,-0.015196483,1151.253333,-0.041653155,,
72,20160816,1092.2,1099.3,-0.006458656,1118.115,-0.023177401,1149.62,-0.049946939,,
73,20160817,1108.3,1099.74,0.007783658,1116.755,-0.007571043,1148.376667,-0.034898538,,
74,20160818,1107.2,1102.1,0.004627529,1115.065,-0.0070534,1146.951667,-0.034658537,,
75,20160819,1117.6,1105.72,0.010744131,1114.15,0.003096531,1145.87,-0.024671211,,
76,20160822,1126.5,1110.36,0.014535826,1113.755,0.011443271,1144.971667,-0.016132859,,
77,20160823,1115.6,1115.04,0.000502224,1112.685,0.002619789,1143.91,-0.02474845,,
78,20160824,1122,1117.78,0.00377534,1112.04,0.008956512,1142.746667,-0.018155088,,
79,20160825,1115.9,1119.52,-0.003233529,1111.125,0.004297446,1141.483333,-0.022412358,,
80,20160826,1113.7,1118.74,-0.004505068,1110.59,0.002800313,1140.161667,-0.023208697,,
81,20160829,1125,1118.44,0.005865312,1110.83,0.012756227,1139.135,-0.012408538,,
82,20160830,1119.9,1119.3,0.000536049,1111.425,0.007625346,1138.073333,-0.015968508,,
83,20160831,1114.8,1117.86,-0.002737373,1111.665,0.002820094,1137.275,-0.019762151,,
84,20160901,1122.1,1119.1,0.002680726,1111.89,0.009182563,1136.7,-0.012844198,,
85,20160902,1117.2,1119.8,-0.002321843,1112.05,0.004631087,1136.053333,-0.016595465,,
86,20160905,1105.1,1115.82,-0.009607284,1111.785,-0.006012853,1135.046667,-0.026383644,,
87,20160906,1105.2,1112.88,-0.006901014,1111.63,-0.005784299,1133.91,-0.02531947,,
88,20160907,1090,1107.92,-0.016174453,1110.825,-0.018747327,1132.523333,-0.037547424,,
89,20160908,1092.6,1102.02,-0.008547939,1110.685,-0.016282744,1131.178333,-0.034104555,,
90,20160909,1098.4,1098.26,0.000127474,1110.63,-0.011011768,1129.961667,-0.027931626,,
91,20160912,1113.5,1099.94,0.012327945,1111.14,0.002123945,1128.975,-0.013707124,,
92,20160913,1118.8,1102.66,0.014637332,1112.47,0.005690041,1128.275,-0.008397775,,
93,20160919,1118.1,1108.28,0.008860577,1112.96,0.004618315,1127.633333,-0.008454285,,
94,20160920,1120.6,1113.88,0.006032966,1113.63,0.006258811,1127.07,-0.005740549,,
95,20160921,1120.1,1118.22,0.001681243,1113.755,0.005696944,1126.568333,-0.005741625,,
96,20160922,1103.3,1116.18,-0.011539357,1112.595,-0.008354343,1125.291667,-0.019543081,,
97,20160923,1102.4,1112.9,-0.00943481,1111.935,-0.008575142,1123.96,-0.019182177,,
98,20160926,1107.9,1110.86,-0.002664602,1111.23,-0.002996679,1122.903333,-0.013361198,,
99,20160927,1096.5,1106.04,-0.008625366,1110.26,-0.012393493,1121.841667,-0.022589343,,
100,20160928,1096.8,1101.38,-0.004158419,1109.415,-0.011370858,1120.925,-0.021522403,,
101,20160929,1098.8,1100.48,-0.001526607,1108.105,-0.008397219,1120.155,-0.019064326,,
102,20160930,1101.3,1100.26,0.000945231,1107.175,-0.005306298,1119.395,-0.016164982,,
103,20161004,1107.8,1100.24,0.006871228,1106.825,0.000880898,1118.601667,-0.009656401,,
104,20161005,1113.7,1103.68,0.009078718,1106.405,0.006593426,1117.736667,-0.003611465,,
105,20161006,1112.2,1106.76,0.004915248,1106.155,0.005464876,1117.03,-0.004323966,,
106,20161007,1115.5,1110.1,0.004864427,1106.675,0.007974338,1116.258333,-0.000679353,,
107,20161010,1108.4,1111.52,-0.002806967,1106.835,0.001413942,1115.62,-0.006471738,,
108,20161011,1120.4,1114.04,0.005708951,1108.355,0.010867457,1115.16,0.004698877,,
109,20161012,1123.6,1116.02,0.006791993,1109.905,0.012338894,1114.78,0.007911875,,
110,20161013,1135.9,1120.76,0.013508691,1111.78,0.02169494,1114.755,0.018968293,,
111,20161014,1132.1,1124.08,0.007134724,1112.71,0.017425924,1114.725,0.015586804,,
112,20161017,1137.9,1129.98,0.007008974,1113.665,0.021761481,1114.75,0.020766988,,
113,20161018,1129.4,1131.78,-0.002102882,1114.23,0.013614783,1114.648333,0.013234368,,
114,20161019,1123.2,1131.7,-0.007510824,1114.36,0.007932804,1114.351667,0.007940342,,
115,20161020,1127.5,1130.02,-0.002230049,1114.73,0.011455689,1114.211667,0.01192622,,
116,20161021,1134.9,1130.58,0.003821048,1116.31,0.01665308,1114.22,0.018560069,,
117,20161024,1131,1129.2,0.001594049,1117.74,0.011863224,1114.12,0.015150971,,
118,20161025,1133.5,1130.02,0.003079592,1119.02,0.012939894,1114.096667,0.017416203,,
119,20161026,1134,1132.18,0.001607518,1120.895,0.01169155,1114.093333,0.017868042,1138.363333,-0.003832988
120,20161027,1142.5,1135.18,0.006448317,1123.18,0.017201161,1114.395,0.025219962,1138.4025,0.003599342
121,20161028,1144.9,1137.18,0.006788723,1125.485,0.017250341,1114.806667,0.026994217,1138.441667,0.005672959
122,20161031,1144.5,1139.88,0.004053058,1127.645,0.01494708,1115.415,0.026075497,1138.36,0.005393724
123,20161101,1139.9,1141.16,-0.00110414,1129.25,0.009431038,1115.913333,0.021495098,1138.144167,0.001542716
124,20161102,1149.8,1144.32,0.00478887,1131.055,0.016573023,1116.45,0.029871468,1137.954167,0.010409763
125,20161103,1139.6,1143.74,-0.003619704,1132.425,0.00633596,1116.876667,0.020345428,1137.720833,0.001651694
126,20161104,1143.4,1143.44,-3.50E-05,1133.82,0.008449313,1117.426667,0.023243882,1137.560833,0.005133059
127,20161107,1143.1,1143.16,-5.25E-05,1135.555,0.006644328,1118.006667,0.022444708,1137.325,0.005077704
128,20161108,1135,1142.18,-0.006286225,1136.285,-0.001130878,1118.488333,0.014762484,1136.9525,-0.00171731
129,20161109,1149.5,1142.12,0.006461668,1137.58,0.010478384,1119.39,0.026898579,1136.750833,0.011215445
130,20161110,1150.6,1144.32,0.005487975,1138.315,0.010792268,1120.241667,0.027099807,1136.484167,0.012420616
131,20161111,1164.8,1148.6,0.014104127,1139.95,0.021799202,1121.266667,0.038825138,1136.26,0.025117491
132,20161114,1171.9,1154.36,0.015194567,1141.65,0.026496737,1122.595,0.043920559,1136.1075,0.031504501
133,20161115,1170.6,1161.48,0.007852051,1143.71,0.023511205,1123.633333,0.041798926,1136.005,0.030453211
134,20161116,1169.2,1165.42,0.003243466,1146.01,0.020235426,1124.666667,0.039596918,1135.809167,0.029398278
135,20161117,1175.9,1170.48,0.004630579,1148.43,0.023919612,1125.638333,0.044651701,1135.754167,0.035347291
136,20161118,1183.2,1174.16,0.007699121,1150.845,0.028114125,1126.583333,0.050255196,1135.7775,0.041753336
137,20161121,1186.6,1177.1,0.008070682,1153.625,0.028583812,1127.766667,0.052168002,1135.838333,0.044690926
138,20161122,1176.1,1178.2,-0.00178238,1155.755,0.017603212,1128.668333,0.042024451,1135.7075,0.035565936
139,20161123,1176.2,1179.6,-0.002882333,1157.865,0.015835179,1129.673333,0.041185948,1135.578333,0.035771787
140,20161124,1180.1,1180.44,-0.000288028,1159.745,0.017551272,1130.78,0.043615911,1135.470833,0.039304547
141,20161125,1177.4,1179.28,-0.001594193,1161.37,0.013802664,1131.653333,0.040424629,1135.394167,0.036996696
142,20161128,1170.4,1176.04,-0.004795755,1162.665,0.006652819,1132.495,0.033470346,1135.284167,0.030931316
143,20161129,1168.5,1174.52,-0.005125498,1164.095,0.003784055,1133.39,0.030977863,1135.3325,0.029213909
144,20161130,1169.1,1173.1,-0.003409769,1165.06,0.003467633,1134.173333,0.030794823,1135.436667,0.029647918
145,20161201,1167.6,1170.6,-0.002562788,1166.46,0.000977316,1135.013333,0.028710382,1135.533333,0.0282393
146,20161202,1172.6,1169.64,0.002530693,1167.92,0.004007124,1136.138333,0.03209263,1135.5925,0.032588715
147,20161205,1174.6,1170.48,0.003519923,1169.495,0.004365132,1137.295,0.032801516,1135.6025,0.034340801
148,20161206,1171.4,1171.06,0.000290335,1171.315,7.26E-05,1138.651667,0.028760625,1135.5875,0.031536539
149,20161207,1167.9,1170.82,-0.002493979,1172.235,-0.003698064,1139.906667,0.024557566,1135.5425,0.028495191
150,20161208,1158.5,1169,-0.008982036,1172.63,-0.012049837,1140.908333,0.015419001,1135.435,0.0203138
151,20161209,1165.9,1167.66,-0.001507288,1172.685,-0.005785867,1141.781667,0.02112342,1135.378333,0.026882375
152,20161212,1168.2,1166.38,0.001560383,1172.5,-0.003667377,1142.605,0.022400567,1135.44,0.028852251
153,20161213,1167,1165.5,0.001287001,1172.32,-0.00453801,1143.42,0.020622343,1135.526667,0.027716948
154,20161214,1169.7,1165.86,0.003293706,1172.345,-0.002256162,1144.238333,0.022252066,1135.654167,0.02997905
155,20161215,1178.5,1169.86,0.007385499,1172.475,0.005138702,1145.211667,0.029067407,1135.89,0.037512435
156,20161216,1183.9,1173.46,0.008896767,1172.51,0.009714203,1146.555,0.032571486,1135.923333,0.042235832
157,20161219,1186.9,1177.2,0.008239891,1172.525,0.012259867,1147.963333,0.03391804,1135.961667,0.044841595
158,20161220,1193.4,1182.48,0.009234828,1173.39,0.017053154,1149.388333,0.038291381,1136.145833,0.050393325
159,20161221,1193.9,1187.32,0.005541893,1174.275,0.01671244,1151.011667,0.037261424,1136.426667,0.050573728
160,20161222,1199.1,1191.44,0.006429195,1175.225,0.020315259,1152.716667,0.040238278,1136.820833,0.054783625
161,20161223,1203,1195.26,0.006475579,1176.505,0.022520091,1154.453333,0.042051649,1137.304167,0.057764524
162,20161226,1201.4,1198.16,0.002704146,1178.055,0.019816562,1156.121667,0.039163986,1137.758333,0.055936015
163,20161227,1207.6,1201,0.00549542,1180.01,0.023381158,1157.785,0.043026123,1138.193333,0.060979681
164,20161228,1210.5,1204.32,0.005131527,1182.08,0.024042366,1159.398333,0.044076022,1138.5675,0.063178072
165,20161229,1207.7,1206.04,0.001376405,1184.085,0.01994367,1160.99,0.040232905,1139.01,0.060306758
166,20170102,1208,1207.04,0.000795334,1185.855,0.01867429,1162.531667,0.039111479,1139.395,0.060211779
167,20170103,1203.5,1207.46,-0.003279612,1187.3,0.013644403,1164.116667,0.033831088,1139.868333,0.055823699
168,20170104,1206.4,1207.22,-0.000679247,1189.05,0.014591481,1165.55,0.035047831,1140.355,0.057916175
169,20170105,1186.3,1202.38,-0.013373476,1189.97,-0.003084111,1166.595,0.016891038,1140.6875,0.03998685
170,20170106,1193,1199.44,-0.005369172,1191.695,0.001095079,1167.546667,0.021800699,1141.150833,0.045435858
171,20170109,1208.3,1199.5,0.00733639,1193.815,0.012133371,1168.816667,0.033780604,1141.770833,0.058268406
172,20170110,1194.6,1197.72,-0.002604949,1195.135,-0.000447648,1169.761667,0.02123367,1142.255833,0.045825257
173,20170111,1196.4,1195.72,0.000568695,1196.605,-0.000171318,1170.878333,0.021797027,1142.763333,0.046935936
174,20170112,1184.7,1195.4,-0.008950979,1197.355,-0.010569129,1171.903333,0.010919558,1143.1275,0.036367334
175,20170113,1174.7,1191.74,-0.014298421,1197.165,-0.018765166,1172.69,0.001714008,1143.450833,0.027328824
176,20170116,1182.1,1186.5,-0.003708386,1197.075,-0.012509659,1173.476667,0.007348534,1143.848333,0.033441205
177,20170117,1174.5,1182.48,-0.006748529,1196.455,-0.018350042,1174.201667,0.000254073,1144.160833,0.026516523
178,20170118,1166.7,1176.54,-0.008363507,1195.12,-0.023780039,1174.755,-0.006856749,1144.425833,0.019463181
179,20170119,1177.6,1175.12,0.002110423,1194.305,-0.013987214,1175.481667,0.001802098,1144.7875,0.028662525
180,20170120,1169.2,1174.02,-0.004105552,1192.81,-0.019793597,1175.926667,-0.005720311,1145.160833,0.020991957
181,20170123,1165.5,1170.7,-0.004441787,1190.935,-0.021357169,1176.27,-0.009156061,1145.538333,0.017425577
182,20170124,1165.9,1168.98,-0.002634776,1189.16,-0.019560026,1176.626667,-0.009116457,1146.020833,0.017346252
183,20170125,1166,1168.84,-0.002429759,1187.08,-0.01775786,1177.061667,-0.009397695,1146.4875,0.017019374
184,20170126,1159.2,1165.16,-0.005115177,1184.515,-0.021371616,1177.218333,-0.015305855,1146.834167,0.010782582
185,20170131,1162.1,1163.74,-0.001409249,1182.235,-0.017031301,1177.593333,-0.013156777,1147.235,0.012957241
186,20170201,1158.1,1162.26,-0.003579234,1179.74,-0.018343025,1177.838333,-0.016758101,1147.6325,0.009120951
187,20170202,1146.8,1158.44,-0.010047996,1176.905,-0.025579805,1177.9,-0.02640292,1147.953333,-0.001004687
188,20170203,1147.6,1154.76,-0.006200423,1173.965,-0.02245808,1178.11,-0.025897412,1148.299167,-0.000608872
189,20170206,1137.9,1150.5,-0.01095176,1171.545,-0.028718487,1177.916667,-0.033972409,1148.653333,-0.009361687
190,20170207,1144.3,1146.94,-0.002301777,1169.11,-0.021221271,1177.811667,-0.028452483,1149.026667,-0.004113627
191,20170208,1147.2,1144.76,0.002131451,1166.055,-0.016169906,1177.518333,-0.025747653,1149.3925,-0.001907529
192,20170209,1145.8,1144.56,0.001083386,1163.615,-0.015310047,1177.083333,-0.026576991,1149.839167,-0.00351281
193,20170210,1150.6,1145.16,0.004750428,1161.325,-0.009235141,1176.75,-0.022222222,1150.191667,0.000355013
194,20170213,1152,1147.98,0.003501803,1159.69,-0.006631082,1176.463333,-0.020793962,1150.565,0.001247213
195,20170214,1137.4,1146.6,-0.008023722,1157.825,-0.017640835,1175.821667,-0.03267644,1150.73,-0.011583951
196,20170215,1142.2,1145.6,-0.002967877,1155.83,-0.011792392,1175.138333,-0.028029324,1150.860833,-0.007525526
197,20170216,1141.5,1144.74,-0.002830337,1154.18,-0.010986155,1174.386667,-0.02800327,1151.076667,-0.008319747
198,20170217,1146.3,1143.88,0.002115607,1153.16,-0.005948871,1173.89,-0.023503054,1151.279167,-0.004324899
199,20170220,1147.5,1142.98,0.003954575,1151.655,-0.003607851,1173.411667,-0.022082333,1151.5425,-0.003510509
200,20170221,1146.1,1144.72,0.001205535,1150.5,-0.003824424,1172.845,-0.022803525,1151.8125,-0.004959575
201,20170222,1142.6,1144.8,-0.001921733,1149.355,-0.005877209,1172.265,-0.025305712,1151.959167,-0.008124565
202,20170223,1137.3,1143.96,-0.005821882,1147.925,-0.009255831,1171.713333,-0.029370096,1152.104167,-0.012849677
203,20170224,1131.5,1141,-0.00832603,1146.2,-0.012824987,1171.096667,-0.033811612,1152.243333,-0.018002563
204,20170227,1133.7,1138.24,-0.003988614,1144.925,-0.009804136,1170.506667,-0.031445072,1152.34,-0.016175781
205,20170228,1130.7,1135.16,-0.003928962,1143.355,-0.011068303,1169.891667,-0.033500253,1152.4525,-0.018874964
206,20170302,1141.6,1134.96,0.005850426,1142.53,-0.000813983,1169.375,-0.023752004,1152.756667,-0.00967825
207,20170303,1156.1,1138.72,0.015262751,1142.995,0.011465492,1169.066667,-0.011091469,1153.180833,0.002531404
208,20170306,1158,1144.02,0.012220066,1143.515,0.012667084,1168.843333,-0.009276978,1153.7475,0.003685815
209,20170307,1146.1,1146.5,-0.000348888,1143.925,0.001901348,1168.48,-0.019153088,1154.193333,-0.007012112
210,20170308,1145.5,1149.46,-0.003445096,1143.985,0.001324318,1168.263333,-0.019484762,1154.585833,-0.007869344
211,20170309,1158.1,1152.76,0.004632361,1144.53,0.011856395,1168.133333,-0.008589202,1154.9575,0.002720879
212,20170310,1157.4,1153.02,0.00379872,1145.11,0.010732593,1167.953333,-0.009035749,1155.279167,0.001835776
213,20170313,1144.4,1150.3,-0.005129097,1144.8,-0.000349406,1167.576667,-0.019850231,1155.498333,-0.009604803
214,20170314,1148.8,1150.84,-0.001772618,1144.64,0.00363433,1167.228333,-0.015788113,1155.733333,-0.005999077
215,20170315,1143.6,1150.46,-0.005962832,1144.95,-0.001179091,1166.646667,-0.019754624,1155.929167,-0.010666023
216,20170316,1132,1145.24,-0.011560896,1144.44,-0.010869945,1165.781667,-0.028977696,1156.168333,-0.020903819
217,20170317,1130.9,1139.94,-0.007930242,1143.91,-0.011373272,1164.848333,-0.029143994,1156.405833,-0.022056126
218,20170320,1120.1,1135.08,-0.013197308,1142.6,-0.019691931,1163.626667,-0.037406041,1156.5075,-0.031480557
219,20170321,1120.3,1129.38,-0.008039809,1141.24,-0.018348463,1162.4,-0.036218169,1156.705833,-0.031473718
220,20170322,1123.3,1125.32,-0.001795045,1140.1,-0.01473555,1161.136667,-0.032585886,1156.926667,-0.029065513
221,20170323,1122.4,1123.4,-0.000890155,1139.09,-0.014652047,1159.793333,-0.032241376,1157.123333,-0.030008325
222,20170324,1122.6,1121.74,0.000766666,1138.355,-0.013840147,1158.48,-0.030971618,1157.300833,-0.029984281
223,20170327,1112.8,1120.28,-0.006676902,1137.42,-0.021645478,1156.9,-0.038119111,1157.3425,-0.038486878
224,20170328,1113,1118.82,-0.005201909,1136.385,-0.020578413,1155.275,-0.036593019,1157.336667,-0.038309221
225,20170329,1114.2,1117,-0.002506714,1135.56,-0.018810103,1153.716667,-0.034251622,1157.353333,-0.037286222
226,20170330,1117.2,1115.96,0.001111151,1134.34,-0.015110108,1152.203333,-0.030379476,1157.3675,-0.034705917
227,20170331,1118.4,1115.12,0.002941387,1132.455,-0.012411089,1150.785,-0.02814166,1157.450833,-0.033738654
228,20170403,1115.3,1115.62,-0.000286836,1130.32,-0.013288272,1149.266667,-0.029555079,1157.408333,-0.036381571
229,20170404,1121.9,1117.4,0.004027206,1129.11,-0.00638556,1148.193333,-0.022899744,1157.394167,-0.030667311
230,20170405,1124.4,1119.44,0.004430787,1128.055,-0.00324009,1147.05,-0.019746306,1157.298333,-0.028426839
231,20170406,1133.2,1122.64,0.009406399,1126.81,0.005670876,1145.798333,-0.010995245,1157.3075,-0.020830678
232,20170407,1134.5,1125.86,0.007674134,1125.665,0.007848694,1144.796667,-0.008994319,1157.279167,-0.019683381
233,20170410,1142.2,1131.24,0.009688483,1125.555,0.01478826,1143.893333,-0.001480325,1157.385833,-0.013120805
234,20170411,1145.8,1136.02,0.008609003,1125.405,0.018122365,1143.245,0.002234867,1157.574167,-0.010171415
235,20170412,1141.4,1139.42,0.001737726,1125.295,0.014311803,1142.69,-0.001128915,1157.69,-0.014071124
236,20170413,1129.7,1138.72,-0.007921175,1125.18,0.004017135,1141.816667,-0.010611744,1157.646667,-0.02414093
237,20170414,1140,1139.82,0.00015792,1125.635,0.012761686,1141.241667,-0.001087996,1157.721667,-0.015307364
238,20170417,1137.7,1138.92,-0.00107119,1126.515,0.009928851,1140.758333,-0.002680965,1157.756667,-0.017323732
239,20170418,1142.4,1138.24,0.003654765,1127.62,0.013107252,1140.171667,0.001954384,1157.826667,-0.013323814
240,20170419,1140.2,1138,0.001933216,1128.465,0.010399082,1139.688333,0.000448953,1157.8075,-0.015207623
241,20170420,1139.8,1140.02,-0.000192979,1129.335,0.009266515,1139.26,0.000473992,1157.765,-0.015516966
242,20170421,1134.4,1138.9,-0.003951181,1129.925,0.00396044,1138.735,-0.003806856,1157.680833,-0.020109889
243,20170424,1129.9,1137.34,-0.006541579,1130.78,-0.000778224,1138.133333,-0.007234067,1157.5975,-0.02392671
244,20170425,1125.4,1133.94,-0.007531263,1131.4,-0.005303164,1137.57,-0.010698243,1157.394167,-0.027643276
245,20170426,1125.1,1130.92,-0.005146253,1131.945,-0.006047114,1136.953333,-0.010425523,1157.273333,-0.02780098
246,20170427,1130.1,1128.98,0.000992046,1132.59,-0.002198501,1136.486667,-0.005619658,1157.1625,-0.023386949
247,20170428,1137.9,1129.68,0.007276397,1133.565,0.003824218,1136.338333,0.001374297,1157.119167,-0.016609496
248,20170502,1130.5,1129.8,0.000619579,1134.325,-0.003372049,1136.053333,-0.004888268,1157.081667,-0.022973026
249,20170504,1132.7,1131.26,0.001272917,1134.865,-0.001907716,1135.966667,-0.002875671,1156.941667,-0.020953232
250,20170508,1131.4,1132.52,-0.000988945,1135.215,-0.003360597,1135.751667,-0.00383153,1156.781667,-0.021941623
251,20170510,1135.8,1133.66,0.001887691,1135.345,0.000400759,1135.561667,0.000209881,1156.54,-0.0179328
252,20170511,1127.9,1131.66,-0.003322553,1135.015,-0.00626864,1135.263333,-0.006486014,1156.173333,-0.024454234
253,20170512,1127.4,1131.04,-0.003218277,1134.275,-0.00606114,1134.876667,-0.006588087,1155.813333,-0.024582978
254,20170515,1123.6,1129.22,-0.004976887,1133.165,-0.00844096,1134.403333,-0.009523362,1155.433333,-0.027550991
255,20170516,1116,1126.14,-0.009004209,1131.895,-0.014042822,1134.046667,-0.015913513,1154.934167,-0.033711157
256,20170517,1118.3,1122.64,-0.003865888,1131.325,-0.011513049,1133.648333,-0.013538884,1154.393333,-0.031266062
257,20170518,1124.5,1121.96,0.002263895,1130.55,-0.005351378,1133.365,-0.00782184,1153.875833,-0.025458401
258,20170519,1127.2,1121.92,0.004706218,1130.025,-0.002499945,1133.046667,-0.005160129,1153.468333,-0.022773346
259,20170522,1118.6,1120.92,-0.002069728,1128.835,-0.00906687,1132.565,-0.012330418,1152.988333,-0.029825396
260,20170523,1124.2,1122.56,0.001460946,1128.035,-0.003399717,1132.2,-0.007065889,1152.5225,-0.024574358
261,20170524,1126.8,1124.26,0.002259264,1127.385,-0.0005189,1131.936667,-0.004537945,1152.100833,-0.021960607
262,20170525,1116.5,1122.66,-0.005486968,1126.49,-0.008868254,1131.59,-0.013335219,1151.651667,-0.030522829
263,20170526,1120.7,1121.36,-0.000588571,1126.03,-0.004733444,1131.41,-0.009466064,1151.253333,-0.026539192
264,20170529,1121.7,1121.98,-0.000249559,1125.845,-0.003681679,1131.21,-0.008406927,1150.858333,-0.025336162
265,20170530,1125.1,1122.16,0.002619947,1125.845,-0.000661725,1131.116667,-0.005319227,1150.504167,-0.022080899
266,20170531,1119.5,1120.7,-0.001070759,1125.315,-0.005167442,1130.748333,-0.00994769,1150.061667,-0.026573937
267,20170601,1122,1121.8,0.000178285,1124.52,-0.002240956,1130.18,-0.007237785,1149.623333,-0.02402816
268,20170602,1121.8,1122.02,-0.000196075,1124.085,-0.002032764,1129.576667,-0.006884585,1149.21,-0.023851167
269,20170605,1118.3,1121.34,-0.002711042,1123.365,-0.004508775,1129.113333,-0.009576836,1148.796667,-0.026546618
270,20170607,1124,1121.12,0.00256886,1122.995,0.000894928,1128.755,-0.004212606,1148.509167,-0.021339984
271,20170608,1122.1,1121.64,0.000410114,1122.31,-0.000187114,1128.155,-0.00536717,1148.144167,-0.022683708
272,20170609,1123.2,1121.88,0.001176596,1122.075,0.001002607,1127.585,-0.003888842,1147.769167,-0.021406017
273,20170612,1127.3,1122.98,0.003846907,1122.07,0.004661028,1127.3,-2.02E-16,1147.438333,-0.017550689
274,20170613,1128.3,1124.98,0.002951164,1122.305,0.005341685,1126.958333,0.00119052,1147.093333,-0.016383439
275,20170614,1123.9,1124.96,-0.000942256,1122.7,0.001068852,1126.63,-0.002423156,1146.638333,-0.019830432
276,20170615,1124.1,1125.36,-0.001119642,1122.99,0.000988433,1126.498333,-0.002129016,1146.14,-0.019229763
277,20170616,1134.1,1127.54,0.005817975,1123.47,0.009461757,1126.551667,0.006700388,1145.7,-0.010124815
278,20170619,1132.7,1128.62,0.003615034,1123.745,0.00796889,1126.761667,0.005270266,1145.194167,-0.010910086
279,20170620,1135.4,1130.04,0.004743195,1124.585,0.009616881,1127.013333,0.007441497,1144.706667,-0.008130176
280,20170621,1144,1134.06,0.008764968,1125.575,0.016369411,1127.358333,0.014761648,1144.2475,-0.000216299
281,20170622,1140.9,1137.42,0.003059556,1126.28,0.012980786,1127.666667,0.011735146,1143.73,-0.00247436
282,20170623,1138.8,1138.36,0.000386521,1127.395,0.010116241,1127.936667,0.009631155,1143.208333,-0.003856107
283,20170626,1137.1,1139.24,-0.001878445,1128.215,0.007875272,1128.341667,0.007762129,1142.620833,-0.004831728
284,20170627,1136.9,1139.54,-0.002316724,1128.975,0.007019642,1128.74,0.0072293,1142.0075,-0.004472387
285,20170628,1144,1139.54,0.00391386,1129.92,0.012461059,1129.236667,0.013073728,1141.476667,0.002210587
286,20170629,1141.1,1139.58,0.001333825,1131,0.00893015,1129.635,0.010149296,1140.919167,0.000158498
287,20170630,1144.1,1140.64,0.003033385,1132.105,0.010595307,1130.063333,0.012421133,1140.424167,0.003223216
288,20170703,1146.9,1142.6,0.003763347,1133.36,0.011946778,1130.59,0.014426096,1139.928333,0.006115882
289,20170704,1150.6,1145.34,0.004592523,1134.975,0.013766823,1131.068333,0.017268335,1139.630833,0.009625193
290,20170705,1150.5,1146.64,0.003366357,1136.3,0.0124967,1131.503333,0.016788874,1139.276667,0.00985128
291,20170706,1157.4,1149.9,0.006522306,1138.065,0.016989364,1131.906667,0.022522469,1138.8525,0.01628613
292,20170707,1154.3,1151.94,0.002048718,1139.62,0.012881487,1132.236667,0.019486503,1138.516667,0.013863067
293,20170710,1149.5,1152.46,-0.002568419,1140.73,0.007688059,1132.358333,0.015138023,1138.125833,0.009993769
294,20170711,1151.1,1152.56,-0.001266745,1141.87,0.008083232,1132.446667,0.01647171,1137.845833,0.011648473
295,20170712,1145.1,1151.48,-0.005540695,1142.93,0.001898629,1132.508333,0.011118388,1137.599167,0.006593564
296,20170713,1136.3,1147.26,-0.009553196,1143.54,-0.006331217,1132.618333,0.00325058,1137.2175,-0.000806794
297,20170714,1133.3,1143.06,-0.008538484,1143.5,-0.008919983,1132.506667,0.000700511,1136.874167,-0.003143854
298,20170717,1128.3,1138.82,-0.009237632,1143.28,-0.013102652,1132.35,-0.003576633,1136.554167,-0.007262449
299,20170718,1123.1,1133.22,-0.008930305,1142.665,-0.017122254,1132.028333,-0.007887023,1136.1,-0.011442655
300,20170719,1120.6,1128.32,-0.006842031,1141.495,-0.018304942,1131.701667,-0.009809711,1135.695,-0.013291421
301,20170720,1125.5,1126.16,-0.000586062,1140.725,-0.013346775,1131.463333,-0.005270461,1135.361667,-0.008685925
302,20170721,1118.2,1123.14,-0.004398383,1139.695,-0.018860309,1131.193333,-0.011486395,1134.964167,-0.014770657
303,20170724,1114,1120.28,-0.005605741,1138.54,-0.02155392,1130.928333,-0.014968529,1134.530833,-0.01809632
304,20170725,1115.3,1118.72,-0.003057065,1137.46,-0.019482004,1130.76,-0.01367222,1134.165,-0.016633382
305,20170726,1121.8,1118.96,0.002538071,1136.35,-0.012804154,1130.705,-0.007875617,1133.829167,-0.010609329
306,20170727,1112.8,1116.42,-0.003242507,1134.935,-0.01950332,1130.416667,-0.015584224,1133.451667,-0.018220156
307,20170728,1122.1,1117.2,0.004385965,1133.835,-0.01034983,1130.153333,-0.007125877,1133.245833,-0.009835318
308,20170731,1119,1118.2,0.000715436,1132.44,-0.011868178,1129.961667,-0.009700919,1133.0075,-0.012363113
309,20170801,1121.3,1119.4,0.001697338,1130.975,-0.008554566,1129.771667,-0.007498565,1132.869167,-0.010212271
310,20170802,1124,1119.84,0.003714816,1129.65,-0.005001549,1129.648333,-0.005000081,1132.7,-0.007680763
311,20170803,1128.8,1123.04,0.005128936,1128.22,0.000514084,1129.531667,-0.000647761,1132.546667,-0.003308179
312,20170804,1125,1123.62,0.001228173,1126.755,-0.00155757,1129.483333,-0.003969367,1132.373333,-0.006511398
313,20170807,1127.1,1125.24,0.001652981,1125.635,0.001301488,1129.478333,-0.002105692,1132.1775,-0.004484721
314,20170808,1125.1,1126,-0.00079929,1124.335,0.000680402,1129.503333,-0.003898469,1131.953333,-0.006054431
315,20170809,1135.2,1128.24,0.0061689,1123.84,0.0101082,1129.823333,0.004758856,1131.935,0.002884441
316,20170810,1142,1130.88,0.00983305,1124.125,0.015901257,1130.218333,0.01042424,1131.933333,0.008893339
317,20170811,1143.5,1134.58,0.00786194,1124.635,0.016774331,1130.535,0.011468022,1131.95,0.010203631
318,20170814,1139.7,1137.1,0.002286518,1125.205,0.012882097,1130.743333,0.007921043,1131.895,0.006895516
319,20170816,1141.5,1140.38,0.000982129,1126.125,0.013653014,1131.125,0.009172284,1131.845,0.00853032
320,20170817,1137.2,1140.78,-0.003138204,1126.955,0.009090869,1131.341667,0.005178218,1131.770833,0.004797055
321,20170818,1141.3,1140.64,0.000578623,1127.745,0.012019561,1131.583333,0.008586788,1131.76,0.008429349
322,20170821,1139,1139.74,-0.000649271,1128.785,0.009049553,1131.958333,0.006220783,1131.774167,0.006384519
323,20170822,1133.8,1138.56,-0.00418072,1129.775,0.003562656,1132.176667,0.001433816,1131.793333,0.001772997
324,20170823,1131.8,1136.62,-0.004240643,1130.6,0.001061383,1132.345,-0.000481302,1131.7775,1.99E-05
325,20170824,1127.9,1134.76,-0.006045331,1130.905,-0.002657164,1132.391667,-0.003966531,1131.754167,-0.00340548
326,20170825,1128.2,1132.14,-0.003480135,1131.675,-0.00307067,1132.536667,-0.003829162,1131.6425,-0.003042038
327,20170828,1120.1,1128.36,-0.007320359,1131.575,-0.010140733,1132.505,-0.010953594,1131.3425,-0.009937309
328,20170829,1126.4,1126.88,-0.000425955,1131.945,-0.004898648,1132.581667,-0.005458032,1131.079167,-0.004136905
329,20170830,1124.2,1125.36,-0.001030781,1132.09,-0.006969411,1132.68,-0.007486669,1130.896667,-0.005921555
330,20170831,1127.8,1125.34,0.002186006,1132.28,-0.003956619,1132.743333,-0.004364037,1130.749167,-0.002608153
331,20170901,1122.8,1124.26,-0.001298632,1131.98,-0.008109684,1132.755,-0.008788308,1130.455,-0.00677161
332,20170904,1133,1126.84,0.005466615,1132.38,0.000547519,1132.918333,7.21E-05,1130.251667,0.002431612
333,20170905,1131.1,1127.78,0.002943837,1132.58,-0.001306751,1132.981667,-0.001660809,1130.140833,0.000848714
334,20170906,1135.4,1130.02,0.004760978,1133.095,0.002034251,1133.1,0.00202983,1130.029167,0.004752827
335,20170907,1129.4,1130.34,-0.000831608,1132.805,-0.003005813,1133.191667,-0.003346006,1129.910833,-0.000452101
336,20170908,1127.5,1131.28,-0.003341348,1132.08,-0.00404565,1133.248333,-0.005072439,1129.873333,-0.00210053
337,20170911,1131.9,1131.06,0.000742666,1131.5,0.000353513,1133.211667,-0.001157477,1129.881667,0.001786323
338,20170912,1128.5,1130.54,-0.001804447,1130.94,-0.002157497,1133.141667,-0.004096281,1129.951667,-0.001284716
339,20170913,1128.5,1129.16,-0.000584505,1130.29,-0.001583664,1133.026667,-0.003995199,1130.02,-0.001345109
340,20170914,1132.6,1129.8,0.002478315,1130.06,0.002247668,1132.836667,-0.000208915,1130.0975,0.002214411
341,20170915,1131.7,1130.64,0.000937522,1129.58,0.001876804,1132.683333,-0.000868145,1130.175,0.001349349
342,20170918,1126.6,1129.58,-0.002638149,1128.96,-0.00209042,1132.48,-0.005192145,1130.208333,-0.003192627
343,20170919,1131.3,1130.14,0.001026422,1128.835,0.002183667,1132.383333,-0.000956684,1130.3625,0.00082938
344,20170920,1128.3,1130.1,-0.001592779,1128.66,-0.000318962,1132.24,-0.003479828,1130.49,-0.001937213
345,20170921,1132.7,1130.12,0.002282943,1128.9,0.003366109,1132.051667,0.000572706,1130.644167,0.001818285
346,20170922,1136.5,1131.08,0.00479188,1129.315,0.006362264,1131.975,0.003997438,1130.805,0.005036235
347,20170925,1131.8,1132.12,-0.000282656,1129.9,0.001681565,1131.77,2.65E-05,1130.916667,0.000781077
348,20170926,1136.8,1133.22,0.003159139,1130.42,0.00564392,1131.601667,0.004593784,1131.095833,0.005043045
349,20170927,1140.7,1135.7,0.004402571,1131.245,0.008358048,1131.436667,0.008187231,1131.2525,0.008351363
350,20170928,1149.1,1138.98,0.008885143,1132.31,0.014828095,1131.413333,0.015632365,1131.458333,0.015591972
351,20170929,1145.4,1140.76,0.004067464,1133.44,0.010551948,1131.213333,0.012541106,1131.56,0.012230902
352,20171010,1135.1,1141.42,-0.005536963,1133.545,0.001371803,1130.893333,0.003719773,1131.565,0.003123992
353,20171011,1135.2,1141.1,-0.00517045,1133.75,0.001278942,1130.655,0.004019794,1131.506667,0.003264084
354,20171012,1133.2,1139.6,-0.005616006,1133.64,-0.00038813,1130.356667,0.00251543,1131.401667,0.001589474
355,20171013,1128.9,1135.56,-0.005864948,1133.615,-0.00415926,1130.086667,-0.001050067,1131.2975,-0.002119248
356,20171016,1127.8,1132.04,-0.003745451,1133.63,-0.005142771,1129.945,-0.001898322,1131.281667,-0.00307763
357,20171017,1132.5,1131.52,0.000866092,1133.66,-0.001023234,1129.931667,0.002272999,1131.219167,0.001132259
358,20171018,1129.9,1130.46,-0.000495374,1133.73,-0.003378229,1129.958333,-5.16E-05,1131.154167,-0.00110875
359,20171019,1132.4,1130.3,0.001857914,1133.925,-0.001344886,1130.113333,0.002023396,1131.070833,0.00117514
360,20171020,1131,1130.72,0.00024763,1133.845,-0.002509161,1130.286667,0.000631108,1130.994167,5.16E-06
361,20171023,1130.2,1131.2,-0.000884017,1133.77,-0.003148787,1130.365,-0.000145971,1130.914167,-0.000631495
362,20171024,1127.4,1130.18,-0.002459785,1133.81,-0.005653505,1130.518333,-0.002758322,1130.855833,-0.003055945
363,20171025,1127.9,1129.78,-0.001664041,1133.64,-0.005063336,1130.75,-0.002520451,1130.839167,-0.002599102
364,20171026,1124.6,1128.22,-0.003208594,1133.455,-0.007812397,1130.905,-0.005575181,1130.8325,-0.005511426
365,20171027,1130.5,1128.12,0.002109705,1133.345,-0.002510268,1131.05,-0.000486274,1130.8775,-0.000333812
366,20171030,1124.6,1127,-0.002129547,1132.75,-0.00719488,1131.246667,-0.005875524,1130.831667,-0.005510693
367,20171031,1120.3,1125.58,-0.004690915,1132.175,-0.010488661,1131.216667,-0.009650376,1130.685,-0.009184698
368,20171101,1114.5,1122.9,-0.007480631,1131.06,-0.014641133,1131.141667,-0.014712274,1130.551667,-0.014198083
369,20171102,1114.4,1120.86,-0.005763432,1129.745,-0.013582711,1131.026667,-0.014700508,1130.399167,-0.014153555
370,20171103,1113.8,1117.52,-0.003328799,1127.98,-0.012571145,1130.856667,-0.015082961,1130.2525,-0.014556482
371,20171106,1115,1115.6,-0.000537827,1126.46,-0.010173464,1130.626667,-0.013821244,1130.079167,-0.01334346
372,20171107,1111.9,1113.92,-0.001813416,1125.3,-0.011907936,1130.408333,-0.016373139,1129.945833,-0.01597053
373,20171108,1115.6,1114.14,0.001310428,1124.32,-0.007755799,1130.216667,-0.012932624,1129.8475,-0.012610109
374,20171109,1115.6,1114.38,0.001094779,1123.44,-0.006978566,1130.058333,-0.012794325,1129.780833,-0.012551844
375,20171110,1117.1,1115.04,0.001847467,1122.85,-0.005120898,1129.756667,-0.011203002,1129.79,-0.011232176
376,20171113,1120.6,1116.16,0.003977924,1122.49,-0.001683757,1129.4,-0.007791748,1129.809167,-0.008151082
377,20171114,1118.1,1117.4,0.000626454,1121.77,-0.003271615,1128.976667,-0.009634093,1129.755833,-0.010317126
378,20171115,1112.3,1116.74,-0.003975858,1120.89,-0.007663553,1128.52,-0.014372807,1129.631667,-0.015342759
379,20171116,1101.4,1113.9,-0.011221833,1119.34,-0.016027302,1127.851667,-0.023453143,1129.488333,-0.024868193
380,20171117,1097.5,1109.98,-0.011243446,1117.665,-0.018042079,1127.19,-0.026339836,1129.265833,-0.028129633
381,20171120,1100.6,1105.98,-0.004864464,1116.185,-0.013962739,1126.511667,-0.023001685,1129.0475,-0.025196017
382,20171121,1095.8,1101.52,-0.005192824,1114.605,-0.016871448,1125.791667,-0.026640512,1128.875,-0.029299081
383,20171122,1089.1,1096.88,-0.007092845,1112.665,-0.021178881,1125.046667,-0.031951267,1128.611667,-0.035009089
384,20171123,1085.4,1093.68,-0.00757077,1110.705,-0.022782827,1124.273333,-0.034576408,1128.309167,-0.038029618
385,20171124,1085.4,1091.26,-0.005369939,1108.45,-0.020794804,1123.565,-0.033967772,1127.978333,-0.037747474
386,20171127,1088.6,1088.86,-0.000238782,1106.65,-0.016310487,1122.905,-0.030550225,1127.720833,-0.034690175
387,20171128,1084.4,1086.58,-0.002006295,1104.855,-0.018513742,1122.31,-0.033778546,1127.4075,-0.038147254
388,20171129,1076.8,1084.12,-0.00675202,1102.97,-0.023726847,1121.483333,-0.039843065,1127.0325,-0.044570587
389,20171130,1088.2,1084.68,0.003245197,1101.66,-0.012217926,1120.883333,-0.029158551,1126.781667,-0.034240588
390,20171201,1086.4,1084.88,0.001401077,1100.29,-0.012623945,1120.193333,-0.030167412,1126.468333,-0.035569871
391,20171204,1088.7,1084.9,0.003502627,1098.975,-0.009349621,1119.625,-0.027620855,1126.19,-0.033289232
392,20171205,1085.8,1085.18,0.000571334,1097.67,-0.010813815,1118.838333,-0.02952914,1125.878333,-0.035597393
393,20171206,1093.7,1088.56,0.004721834,1096.575,-0.0026218,1118.215,-0.021923333,1125.598333,-0.028339002
394,20171207,1093.5,1089.62,0.003560874,1095.47,-0.001798315,1117.516667,-0.021491104,1125.308333,-0.028266327
395,20171208,1093.3,1091,0.002108158,1094.28,-0.000895566,1116.915,-0.021143059,1125.053333,-0.028223847
396,20171211,1092.3,1091.72,0.000531272,1092.865,-0.00051699,1116.328333,-0.021524432,1124.788333,-0.028883953
397,20171212,1092.4,1093.04,-0.000585523,1091.58,0.000751205,1115.67,-0.020857422,1124.440833,-0.028494904
398,20171213,1090.7,1092.44,-0.001592765,1090.5,0.000183402,1115.04,-0.021828813,1124.090833,-0.029704747
399,20171214,1089.1,1091.56,-0.002253655,1089.885,-0.000720259,1114.383333,-0.022688183,1123.705,-0.030795449
400,20171215,1089.8,1090.86,-0.00097171,1089.5,0.000275356,1113.67,-0.021433638,1123.253333,-0.029782536
401,20171218,1088.5,1090.1,-0.001467755,1088.895,-0.000362753,1112.95,-0.021968642,1122.816667,-0.030563019
402,20171219,1084.9,1088.6,-0.003398861,1088.35,-0.003169936,1112.255,-0.02459418,1122.3675,-0.03338256
403,20171220,1080.9,1086.64,-0.005282338,1087.94,-0.006470945,1111.415,-0.027455991,1121.899167,-0.036544431
404,20171221,1082.7,1085.36,-0.0024508,1087.805,-0.004692937,1110.655,-0.025169832,1121.4475,-0.034551328
405,20171222,1079.7,1083.34,-0.003359979,1087.52,-0.007190672,1109.771667,-0.027097166,1120.911667,-0.036766204
406,20171226,1076.1,1080.86,-0.004403901,1086.895,-0.009931962,1108.765,-0.029460706,1120.37,-0.039513732
407,20171227,1074.1,1078.7,-0.004264392,1086.38,-0.011303595,1107.803333,-0.030423571,1119.786667,-0.040799438
408,20171228,1070.5,1076.62,-0.005684457,1086.065,-0.014331555,1106.698333,-0.032708401,1119.15,-0.043470491
409,20180102,1061.2,1072.32,-0.010370039,1084.715,-0.021678505,1105.373333,-0.039962366,1118.405,-0.051148734
410,20180103,1064.5,1069.28,-0.004470298,1083.62,-0.017644562,1103.963333,-0.03574696,1117.688333,-0.047587804
411,20180104,1062.2,1066.5,-0.00403188,1082.295,-0.018567027,1102.576667,-0.03662028,1116.895,-0.048970584
412,20180105,1062.7,1064.22,-0.001428276,1081.14,-0.01705607,1101.37,-0.035110817,1116.131667,-0.04787219
413,20180108,1066,1063.32,0.002520408,1079.755,-0.012739001,1100.216667,-0.031099935,1115.435833,-0.044319746
414,20180109,1067.1,1064.5,0.002442461,1078.435,-0.010510601,1099.115,-0.02912798,1114.735833,-0.042732845
415,20180110,1071.9,1065.98,0.005553575,1077.365,-0.005072561,1098.165,-0.023917171,1114.125833,-0.037900417
416,20180111,1072,1067.94,0.003801712,1076.35,-0.004041436,1097.235,-0.02299872,1113.59,-0.037347677
417,20180112,1064.8,1068.36,-0.00333221,1074.97,-0.009460729,1096.106667,-0.028561697,1113.019167,-0.043322854
418,20180115,1062.7,1067.7,-0.004682963,1073.57,-0.010125097,1094.986667,-0.029485899,1112.4725,-0.044740432
419,20180116,1062.7,1066.82,-0.003861945,1072.25,-0.008906505,1093.825,-0.028455192,1111.969167,-0.044308033
420,20180117,1069.3,1066.3,0.002813467,1071.225,-0.001797008,1092.796667,-0.021501408,1111.541667,-0.038002774
421,20180118,1070.7,1066.04,0.004371318,1070.335,0.000341015,1091.805,-0.019330375,1111.085,-0.036347354
422,20180119,1065.9,1066.26,-0.000337629,1069.385,-0.003258882,1090.78,-0.022809366,1110.649167,-0.040291001
423,20180122,1070.1,1067.74,0.002210276,1068.845,0.001174165,1089.816667,-0.018091728,1110.283333,-0.036191963
424,20180123,1070.2,1069.24,0.000897834,1068.22,0.001853551,1088.91,-0.01718232,1109.9075,-0.035775504
425,20180124,1070.2,1069.42,0.000729367,1067.745,0.002299238,1087.905,-0.016274399,1109.4775,-0.035401799
426,20180125,1058.6,1067,-0.00787254,1066.87,-0.007751647,1086.805,-0.025952218,1109.025833,-0.045468583
427,20180126,1063.9,1066.6,-0.002531408,1066.36,-0.002306913,1085.865,-0.020228113,1108.540833,-0.040269904
428,20180129,1065.6,1065.7,-9.38E-05,1066.115,-0.000483062,1085.05,-0.017925441,1108.095833,-0.038350323
429,20180130,1073.6,1066.38,0.00677057,1066.735,0.006435525,1084.37,-0.009932034,1107.698333,-0.03078305
430,20180131,1067.9,1065.92,0.00185755,1066.905,0.000932604,1083.605,-0.014493289,1107.230833,-0.035521801
431,20180201,1071.9,1068.58,0.003106927,1067.39,0.00422526,1082.886667,-0.010145722,1106.756667,-0.031494427
432,20180202,1079.7,1071.74,0.007427175,1068.24,0.010727926,1082.35,-0.002448376,1106.379167,-0.024113945
433,20180205,1088.5,1076.32,0.011316337,1069.365,0.017893797,1081.898333,0.006101929,1106.0575,-0.015873949
434,20180206,1091.5,1079.9,0.010741735,1070.585,0.019536048,1081.496667,0.009249528,1105.7775,-0.01291173
435,20180207,1086.6,1083.64,0.002731534,1071.32,0.014262779,1080.988333,0.005191237,1105.3725,-0.016982963
436,20180208,1087.9,1086.84,0.000975305,1072.115,0.014723234,1080.443333,0.006901488,1104.921667,-0.015405315
437,20180209,1092.1,1089.32,0.002552051,1073.48,0.017345456,1080.01,0.011194341,1104.493333,-0.011220831
438,20180212,1084.6,1088.54,-0.003619527,1074.575,0.00932927,1079.548333,0.004679426,1104.034167,-0.017602867
439,20180213,1084.5,1087.14,-0.00242839,1075.665,0.008213524,1079.266667,0.004848972,1103.559167,-0.017270634
440,20180214,1077.2,1085.26,-0.007426792,1076.06,0.00105942,1078.928333,-0.001601898,1103.059167,-0.023443137
441,20180219,1067.6,1081.2,-0.012578616,1075.905,-0.007719083,1078.378333,-0.009994946,1102.445,-0.031607019
442,20180220,1073.5,1077.48,-0.003693804,1076.285,-0.002587605,1078.006667,-0.004180555,1101.899167,-0.025772927
443,20180221,1076.2,1075.8,0.000371816,1076.59,-0.000362255,1077.791667,-0.001476785,1101.419167,-0.022896975
444,20180222,1084.3,1075.76,0.007938574,1077.295,0.006502397,1077.773333,0.006055695,1101.023333,-0.0151889
445,20180223,1079,1076.12,0.002676281,1077.735,0.001173758,1077.666667,0.001237241,1100.615833,-0.019639762
446,20180226,1073.4,1077.28,-0.003601663,1078.475,-0.004705719,1077.413333,-0.003724971,1100.159167,-0.024322996
447,20180227,1071.3,1076.84,-0.005144683,1078.845,-0.00699359,1077.195,-0.005472547,1099.7525,-0.02587173
448,20180228,1082.8,1078.16,0.004303628,1079.705,0.002866524,1077.295,0.005110021,1099.389167,-0.01508944
449,20180302,1080.3,1077.36,0.002728893,1080.04,0.000240732,1077.163333,0.002911969,1099.023333,-0.017036338
450,20180305,1082,1077.96,0.00374782,1080.745,0.001161236,1077.09,0.004558579,1098.641667,-0.015147493
451,20180306,1076.1,1078.5,-0.002225313,1080.955,-0.004491399,1076.88,-0.000724315,1098.2525,-0.02017068
452,20180307,1069.1,1078.06,-0.008311226,1080.425,-0.010481986,1076.601667,-0.006967913,1097.72,-0.026072222
453,20180308,1070.2,1075.54,-0.004964948,1079.51,-0.008624283,1076.21,-0.005584412,1097.2125,-0.024619205
454,20180309,1069.8,1073.44,-0.003390967,1078.425,-0.007997775,1075.815,-0.00559111,1096.665833,-0.024497739
455,20180312,1065.2,1070.08,-0.004560407,1077.355,-0.011282261,1075.346667,-0.009435717,1096.130833,-0.028218195
456,20180313,1067.5,1068.36,-0.000804972,1076.335,-0.008208411,1074.933333,-0.006915158,1095.630833,-0.025675467
457,20180314,1064.6,1067.46,-0.002679257,1074.96,-0.009637568,1074.47,-0.009185924,1095.07,-0.027824705
458,20180315,1065.4,1066.5,-0.001031411,1074,-0.008007449,1074.048333,-0.00805209,1094.544167,-0.026626762
459,20180316,1066.2,1065.78,0.000394078,1073.085,-0.006416081,1073.666667,-0.006954362,1094.025,-0.025433605
460,20180319,1071.6,1067.06,0.004254681,1072.805,-0.001123224,1073.363333,-0.001642811,1093.516667,-0.020042371
461,20180320,1068.6,1067.28,0.001236789,1072.855,-0.003966053,1073.031667,-0.004130043,1092.990833,-0.02231568
462,20180321,1072.3,1068.82,0.003255927,1072.795,-0.000461412,1072.821667,-0.000486257,1092.538333,-0.01852414
463,20180322,1072.7,1070.28,0.002261091,1072.62,7.46E-05,1072.685,1.40E-05,1092.05,-0.017718969
464,20180323,1082.2,1073.48,0.008123114,1072.515,0.009030177,1072.676667,0.008878102,1091.665833,-0.008670999
465,20180326,1081.1,1075.38,0.00531905,1072.62,0.007905875,1072.7,0.007830708,1091.235833,-0.009288399
466,20180327,1070.3,1075.72,-0.005038486,1072.465,-0.002018714,1072.603333,-0.002147423,1090.684167,-0.018689339
467,20180328,1070.8,1075.42,-0.004295996,1072.44,-0.001529223,1072.548333,-0.001630074,1090.175833,-0.017773127
468,20180329,1065.9,1074.06,-0.007597341,1071.595,-0.005314508,1072.471667,-0.00612759,1089.585,-0.021737634
469,20180330,1063.5,1070.32,-0.006371926,1070.755,-0.006775593,1072.51,-0.008400854,1088.941667,-0.023363663
470,20180402,1056.6,1065.42,-0.008278425,1069.485,-0.012047855,1072.378333,-0.014713402,1088.170833,-0.029012755
471,20180403,1054.2,1062.2,-0.007531538,1068.39,-0.013281667,1072.245,-0.016829176,1087.410833,-0.030541201
472,20180404,1059.8,1060,-0.000188679,1067.925,-0.007608212,1072.196667,-0.011561934,1086.783333,-0.024828623
473,20180405,1059.7,1058.76,0.000887831,1067.4,-0.007213791,1072.091667,-0.011558402,1086.154167,-0.024355812
474,20180406,1069.6,1059.98,0.009075643,1067.39,0.002070471,1072.133333,-0.00236289,1085.624167,-0.014760326
475,20180409,1067.1,1062.08,0.004726574,1067.485,-0.000360661,1072.053333,-0.004620417,1085.109167,-0.01659664
476,20180410,1066.4,1064.52,0.001766054,1067.43,-0.000964934,1071.96,-0.005186761,1084.5975,-0.016778114
477,20180411,1066.3,1065.82,0.000450357,1067.515,-0.001138157,1071.985,-0.005303246,1084.045833,-0.016370003
478,20180412,1069.5,1067.78,0.001610819,1067.72,0.001667104,1072.098333,-0.002423596,1083.5425,-0.012959805
479,20180413,1069.5,1067.76,0.00162958,1067.885,0.001512335,1072.211667,-0.00252904,1083.018333,-0.012482091
480,20180416,1074,1069.14,0.00454571,1068.005,0.00561327,1072.29,0.001594718,1082.543333,-0.007891909
481,20180417,1067,1069.26,-0.002113611,1067.925,-0.000866166,1072.228333,-0.004876138,1082.016667,-0.013878406
482,20180418,1068.7,1069.74,-0.000972199,1067.745,0.000894408,1072.275,-0.003334033,1081.5275,-0.01186054
483,20180419,1061.5,1068.14,-0.006216414,1067.185,-0.005327099,1072.131667,-0.009916382,1080.974167,-0.018015386
484,20180420,1067.3,1067.7,-0.000374637,1066.44,0.000806421,1072.083333,-0.004461718,1080.496667,-0.012213519
485,20180423,1069,1066.7,0.002156183,1065.835,0.002969503,1072.063333,-0.002857418,1079.984167,-0.010170674
486,20180424,1076.8,1068.66,0.007617016,1066.16,0.00997974,1072.366667,0.004134158,1079.585833,-0.002580465
487,20180425,1080.6,1071.04,0.008925904,1066.65,0.013078329,1072.645,0.007416247,1079.255,0.00124623
488,20180426,1080.9,1074.92,0.005563205,1067.4,0.012647555,1072.9,0.007456427,1078.975,0.001784101
489,20180427,1076.6,1076.78,-0.000167165,1068.055,0.008000524,1072.95,0.003401836,1078.66,-0.001909777
490,20180430,1068,1076.58,-0.007969682,1068.625,-0.000584864,1072.951667,-0.004614995,1078.278333,-0.009532171
491,20180502,1076.1,1076.44,-0.000315856,1069.72,0.005964178,1073.021667,0.002868845,1077.954167,-0.001720079
492,20180503,1076.3,1075.58,0.000669406,1070.545,0.005375767,1072.965,0.003108209,1077.6575,-0.001259677
493,20180504,1077.2,1074.84,0.002195676,1071.42,0.00539471,1072.776667,0.004123256,1077.3375,-0.000127629
494,20180508,1076.5,1074.82,0.001563052,1071.765,0.004417946,1072.526667,0.003704648,1077.011667,-0.00047508
495,20180509,1080.9,1077.4,0.003248561,1072.455,0.007874456,1072.431667,0.007896385,1076.71,0.003891484
496,20180510,1073.1,1076.8,-0.003436107,1072.79,0.000288966,1072.185,0.000853398,1076.314167,-0.002986272
497,20180511,1069.3,1075.4,-0.005672308,1072.94,-0.003392548,1071.805,-0.002337179,1075.9075,-0.006141327
498,20180514,1068,1073.56,-0.005179031,1072.865,-0.004534587,1071.528333,-0.003292805,1075.538333,-0.007008893
499,20180515,1073.8,1073.02,0.00072692,1073.08,0.000670966,1071.35,0.002286834,1075.308333,-0.001402698
500,20180516,1077.6,1072.36,0.004886419,1073.26,0.004043755,1071.356667,0.005827502,1075.1425,0.002285744
501,20180517,1081.2,1073.98,0.006722658,1073.97,0.006732032,1071.583333,0.008974259,1074.980833,0.005785374
502,20180518,1077.6,1075.64,0.001822171,1074.415,0.002964404,1071.651667,0.005550622,1074.829167,0.002577929
503,20180521,1085.4,1079.12,0.005819557,1075.61,0.009101812,1071.805,0.01268421,1074.798333,0.009863866
504,20180523,1080.7,1080.5,0.000185099,1076.28,0.004106738,1071.745,0.008355532,1074.759167,0.005527595
505,20180524,1079.6,1080.9,-0.001202701,1076.81,0.002590986,1071.755,0.00731977,1074.710833,0.004549286
506,20180525,1078,1080.26,-0.002092089,1076.87,0.001049337,1071.831667,0.005754946,1074.6225,0.003142964
507,20180528,1074.2,1079.58,-0.004983419,1076.55,-0.002182899,1071.88,0.002164421,1074.5375,-0.000314089
508,20180529,1076.8,1077.86,-0.00098343,1076.345,0.000422727,1071.78,0.004683797,1074.5375,0.002105557
509,20180530,1080.9,1077.9,0.00278319,1076.56,0.004031359,1071.79,0.008499799,1074.476667,0.005978104
510,20180531,1077.7,1077.52,0.00016705,1077.045,0.000608145,1071.718333,0.005581379,1074.404167,0.003067592
511,20180601,1075,1076.92,-0.001782862,1076.99,-0.001847742,1071.7,0.00307922,1074.29,0.000660902
512,20180604,1071.9,1076.46,-0.004236107,1076.77,-0.004522786,1071.746667,0.000143069,1074.174167,-0.00211713
513,20180605,1070.7,1075.24,-0.004222313,1076.445,-0.005337012,1071.755,-0.000984367,1073.9825,-0.003056381
514,20180607,1069,1072.86,-0.00359786,1076.07,-0.006570205,1071.741667,-0.002558141,1073.778333,-0.004450018
515,20180608,1075.9,1072.5,0.003170163,1075.82,7.44E-05,1071.92,0.003712964,1073.633333,0.002111211
516,20180611,1075.2,1072.54,0.002480094,1075.925,-0.000673839,1072.048333,0.002939855,1073.490833,0.001592158
517,20180612,1077.2,1073.6,0.003353204,1076.32,0.000817601,1072.258333,0.004608653,1073.364167,0.003573655
518,20180614,1083.1,1076.08,0.006523679,1077.075,0.005593854,1072.553333,0.009833233,1073.300833,0.009129935
519,20180615,1097.7,1081.82,0.014678967,1078.27,0.018019605,1073.078333,0.022944892,1073.3725,0.022664546
520,20180618,1104.8,1087.6,0.015814638,1079.63,0.023313543,1073.631667,0.029030751,1073.4975,0.02915936
521,20180619,1109.1,1094.38,0.013450538,1081.025,0.025970722,1074.306667,0.03238678,1073.669167,0.032999768
522,20180620,1105.1,1099.96,0.004672897,1082.4,0.020971914,1074.853333,0.028140273,1073.8375,0.029112878
523,20180621,1112.8,1105.9,0.006239262,1083.77,0.026786126,1075.521667,0.0346607,1074.103333,0.03602695
524,20180622,1107.4,1107.84,-0.000397169,1085.105,0.020546399,1075.941667,0.029237954,1074.309167,0.030801965
525,20180625,1117.2,1110.32,0.006196412,1086.985,0.027797072,1076.543333,0.037765936,1074.621667,0.039621696
526,20180626,1114.8,1111.46,0.003005056,1088.825,0.023855992,1077.285,0.034823654,1074.944167,0.03707712
527,20180627,1117.6,1113.96,0.003267622,1090.995,0.024385996,1078.065,0.036672186,1075.306667,0.039331416
528,20180628,1124.2,1116.24,0.007131083,1093.365,0.028201927,1079.036667,0.041855235,1075.754167,0.045034298
529,20180629,1114.5,1117.66,-0.002827336,1095.045,0.017766393,1079.886667,0.032052746,1076.198333,0.035589784
530,20180702,1120,1118.22,0.001591816,1097.16,0.020817383,1080.943333,0.03613202,1076.660833,0.040253314
531,20180703,1118.7,1119,-0.000268097,1099.345,0.017605938,1082.018333,0.033901151,1077.131667,0.038591692
532,20180704,1114.5,1118.38,-0.003469304,1101.475,0.011825053,1082.93,0.029152392,1077.563333,0.034277954
533,20180705,1118.6,1117.26,0.001199363,1103.87,0.013343963,1083.911667,0.032002915,1078.001667,0.037660733
534,20180706,1115.9,1117.54,-0.001467509,1106.215,0.008755079,1084.683333,0.028779521,1078.408333,0.034765743
535,20180709,1112.2,1115.98,-0.003387157,1108.03,0.003763436,1085.435,0.024658317,1078.744167,0.031013686
536,20180710,1116,1115.44,0.000502044,1110.07,0.005342005,1086.261667,0.027376768,1079.110833,0.03418478
537,20180711,1120,1116.54,0.003098859,1112.21,0.007004073,1087.156667,0.030210304,1079.570833,0.037449295
538,20180712,1125.9,1118,0.00706619,1114.35,0.010364787,1088.096667,0.034742624,1080.0975,0.042405894
539,20180713,1123.5,1119.52,0.003555095,1115.64,0.007045283,1088.996667,0.031683599,1080.604167,0.039696158
540,20180716,1129.2,1122.92,0.005592562,1116.86,0.011048833,1089.916667,0.036042511,1081.103333,0.044488501
541,20180717,1124.1,1124.54,-0.000391271,1117.61,0.005807035,1090.868333,0.030463499,1081.548333,0.039343287
542,20180718,1132.3,1127,0.004702751,1118.97,0.011912741,1091.928333,0.036972817,1082.101667,0.046389665
543,20180719,1133.2,1128.46,0.004200415,1119.99,0.011794748,1093.123333,0.03666253,1082.6275,0.046712743
544,20180720,1133.7,1130.5,0.002830606,1121.305,0.011054084,1094.23,0.036071027,1083.156667,0.046662994
545,20180723,1131.4,1130.94,0.000406741,1122.015,0.008364416,1095.27,0.0329873,1083.666667,0.044047985
546,20180724,1135.2,1133.16,0.001800275,1123.035,0.010832254,1096.243333,0.035536514,1084.305,0.0469379
547,20180725,1126.3,1131.96,-0.005000177,1123.47,0.002518981,1097.005,0.026704527,1084.825,0.038231973
548,20180726,1119.3,1129.18,-0.008749712,1123.225,-0.003494402,1097.645,0.019728601,1085.2725,0.031353877
549,20180727,1118.1,1126.06,-0.007068895,1123.405,-0.004722251,1098.336667,0.017993876,1085.643333,0.029896252
550,20180730,1120.2,1123.82,-0.003221156,1123.415,-0.00286181,1099.206667,0.019098623,1086.079167,0.031416525
551,20180731,1118.7,1120.52,-0.001624246,1123.415,-0.004197024,1099.916667,0.017077051,1086.469167,0.029665668
552,20180801,1120.6,1119.38,0.001089889,1123.72,-0.002776492,1100.655,0.018121028,1086.81,0.031090991
553,20180802,1126.1,1120.74,0.004782554,1124.095,0.001783657,1101.47,0.022361027,1087.123333,0.035853031
554,20180803,1127.6,1122.64,0.004418157,1124.68,0.002596294,1102.321667,0.022931903,1087.424167,0.036945871
555,20180806,1124,1123.4,0.000534093,1125.27,-0.001128618,1103.04,0.019002031,1087.735833,0.03333913
556,20180807,1123.8,1124.42,-0.000551395,1125.66,-0.001652364,1103.885,0.018040829,1088.035,0.032871185
557,20180808,1119.9,1124.28,-0.003895827,1125.655,-0.005112579,1104.728333,0.013733391,1088.266667,0.02906763
558,20180809,1117.2,1122.5,-0.004721604,1125.22,-0.007127495,1105.548333,0.010539265,1088.538333,0.026330416
559,20180810,1128.9,1122.76,0.005468667,1125.49,0.003029791,1106.466667,0.020274748,1088.908333,0.036726385
560,20180813,1133.9,1124.74,0.008144104,1125.725,0.007261987,1107.405,0.023925303,1089.380833,0.040866486
561,20180814,1127.9,1125.56,0.002078965,1125.915,0.001763011,1108.183333,0.017791882,1089.883333,0.034881409
562,20180816,1130.1,1127.6,0.002217098,1125.805,0.003815048,1109.058333,0.018972552,1090.355,0.036451431
563,20180817,1124.9,1129.14,-0.00375507,1125.39,-0.000435405,1109.716667,0.013682171,1090.760833,0.03129849
564,20180820,1123.1,1127.98,-0.004326318,1124.86,-0.001564639,1110.423333,0.011416067,1091.084167,0.029343138
565,20180821,1118.4,1124.88,-0.005760614,1124.21,-0.005168074,1111.07,0.006597244,1091.4125,0.024727131
566,20180822,1118.9,1123.08,-0.003721908,1123.395,-0.004001264,1111.751667,0.006429793,1091.791667,0.024829218
567,20180823,1121.4,1121.34,5.35E-05,1123.15,-0.001558118,1112.538333,0.007965269,1092.209167,0.026726413
568,20180824,1118.9,1120.14,-0.001107004,1123.13,-0.00376626,1113.24,0.005084259,1092.51,0.024155385
569,20180827,1113.8,1118.28,-0.004006152,1122.915,-0.008117266,1113.788333,1.05E-05,1092.789167,0.019226795
570,20180828,1110,1116.6,-0.005910801,1122.405,-0.01105216,1114.326667,-0.003882763,1093.0225,0.015532617
571,20180829,1110.2,1114.86,-0.004179897,1121.98,-0.010499296,1114.913333,-0.004227533,1093.306667,0.015451596
572,20180830,1108.6,1112.3,-0.003326441,1121.38,-0.011396672,1115.525,-0.006207839,1093.635833,0.013682952
573,20180831,1112.9,1111.1,0.001620016,1120.72,-0.006977657,1116.228333,-0.002981767,1093.991667,0.0172838
574,20180903,1110.3,1110.4,-9.01E-05,1119.855,-0.008532355,1116.916667,-0.005924047,1094.329167,0.014594177
575,20180904,1114.9,1111.38,0.003167234,1119.4,-0.004020011,1117.566667,-0.002386137,1094.743333,0.018412231
576,20180905,1121.5,1113.64,0.007057936,1119.285,0.001978942,1118.338333,0.002827111,1095.193333,0.024020112
577,20180906,1124,1116.72,0.006519092,1119.49,0.00402862,1119.118333,0.004362065,1095.688333,0.02583916
578,20180907,1122.8,1118.7,0.003664968,1119.77,0.002705913,1119.78,0.002696958,1096.166667,0.024296792
579,20180910,1128.4,1122.32,0.00541735,1119.745,0.007729438,1120.291667,0.007237699,1096.685,0.028918969
580,20180911,1125.3,1124.4,0.000800427,1119.315,0.00534702,1120.633333,0.004164312,1097.1325,0.025673745
581,20180912,1128.6,1125.82,0.002469311,1119.35,0.008263724,1120.958333,0.006817084,1097.6325,0.028212995
582,20180913,1122.4,1125.5,-0.002754331,1118.965,0.003069801,1121.246667,0.001028617,1098.05,0.022175675
583,20180914,1116.6,1124.26,-0.006813371,1118.55,-0.001743328,1121.31,-0.004200444,1098.415833,0.016554902
584,20180917,1126.6,1123.9,0.002402349,1118.725,0.007039263,1121.63,0.004431051,1098.785833,0.025313547
585,20180918,1123.2,1123.48,-0.000249226,1118.965,0.003784748,1121.73,0.001310476,1099.136667,0.02189294
586,20180919,1121.1,1121.98,-0.000784328,1119.075,0.00180953,1121.835,-0.000655177,1099.56,0.019589654
587,20180920,1120.4,1121.58,-0.001052087,1119.025,0.001228748,1121.881667,-0.001320698,1099.973333,0.018570147
588,20180921,1115.3,1121.32,-0.005368673,1118.845,-0.003168446,1121.733333,-0.005735172,1100.385,0.013554347
589,20180927,1112.5,1118.5,-0.005364327,1118.78,-0.005613257,1121.7,-0.008201836,1100.793333,0.010634754
590,20180928,1109.3,1115.72,-0.005754132,1118.745,-0.008442496,1121.521667,-0.010897397,1101.2325,0.007325883
591,20181001,1111.8,1113.86,-0.001849425,1118.825,-0.006278909,1121.406667,-0.008566622,1101.7125,0.0091562
592,20181002,1119.2,1113.62,0.005010686,1119.355,-0.000138473,1121.485,-0.002037477,1102.2075,0.015416789
593,20181004,1129.9,1116.54,0.011965536,1120.205,0.008654666,1121.673333,0.00733428,1102.7925,0.02458078
594,20181005,1130.4,1120.12,0.009177588,1121.21,0.008196502,1121.915,0.007562962,1103.299167,0.024563449
595,20181008,1132.7,1124.8,0.007023471,1122.1,0.009446573,1122.256667,0.009305655,1103.845833,0.026139671
596,20181010,1134,1129.24,0.004215224,1122.725,0.01004253,1122.556667,0.010193992,1104.409167,0.026793361
597,20181011,1144.4,1134.28,0.008921959,1123.745,0.018380504,1122.963333,0.019089374,1105.06,0.035599877
598,20181012,1131.4,1134.58,-0.002802799,1124.175,0.006426935,1123.055,0.007430625,1105.575833,0.023358114
599,20181015,1134.3,1135.36,-0.000933625,1124.47,0.008741896,1123.235,0.009851011,1106.115833,0.025480303
600,20181016,1128,1134.42,-0.00565928,1124.605,0.003018838,1123.215,0.004260093,1106.565833,0.019369988
601,20181017,1126.5,1132.92,-0.005666773,1124.5,0.001778568,1123.255,0.002888925,1107.061667,0.017558492
602,20181018,1135.2,1131.08,0.003642536,1125.14,0.00894111,1123.303333,0.010590787,1107.615833,0.024904092
603,20181019,1132.1,1131.22,0.000777921,1125.915,0.00549331,1123.285,0.007847519,1108.204167,0.021562663
604,20181022,1128.4,1130.04,-0.001451276,1126.005,0.002126989,1123.196667,0.004632611,1108.713333,0.017756318
605,20181023,1137.6,1131.96,0.004982508,1126.725,0.009651867,1123.3,0.012730348,1109.285,0.025525451
606,20181024,1132.3,1133.12,-0.000723666,1127.285,0.004448742,1123.251667,0.008055482,1109.7475,0.02032219
607,20181025,1138,1133.68,0.003810599,1128.165,0.008717696,1123.446667,0.012954183,1110.225833,0.025016682
608,20181026,1141.9,1135.64,0.00551231,1129.495,0.010982784,1123.823333,0.016084972,1110.734167,0.028058769
609,20181029,1141.4,1138.24,0.002776216,1130.94,0.009248943,1124.211667,0.015289232,1111.274167,0.027109272
610,20181030,1139.2,1138.56,0.000562114,1132.435,0.005973853,1124.528333,0.013046952,1111.8675,0.024582515
611,20181031,1139.6,1140.02,-0.000368415,1133.825,0.005093379,1124.876667,0.013088842,1112.396667,0.024454706
612,20181101,1138.1,1140.04,-0.001701695,1134.77,0.002934515,1125.168333,0.011493095,1112.911667,0.022632824
613,20181102,1121.6,1135.98,-0.012658674,1134.355,-0.011244275,1125.093333,-0.003104928,1113.281667,0.007471904
614,20181105,1123.5,1132.4,-0.007859414,1134.01,-0.009267996,1125.025,-0.001355525,1113.673333,0.008823653
615,20181106,1123.8,1129.32,-0.004887897,1133.565,-0.008614416,1125.021667,-0.001085905,1114.030833,0.008769207
616,20181107,1123.3,1126.06,-0.002451024,1133.03,-0.008587593,1125.013333,-0.001522945,1114.449167,0.007941891
617,20181108,1117.3,1121.9,-0.004100187,1131.675,-0.01270241,1124.97,-0.00681796,1114.849167,0.002198354
618,20181109,1128.3,1123.24,0.004504825,1131.52,-0.00284573,1125.155,0.00279517,1115.351667,0.011609194
619,20181112,1133.9,1125.32,0.007624498,1131.5,0.002121078,1125.238333,0.007697629,1115.8525,0.016173733
620,20181113,1133.3,1127.22,0.005393801,1131.765,0.001356289,1125.228333,0.007173359,1116.316667,0.015213724
621,20181114,1134.3,1129.42,0.004320802,1132.155,0.001894617,1125.335,0.007966517,1116.759167,0.015706908
622,20181115,1129.2,1131.8,-0.002297226,1131.855,-0.002345707,1125.32,0.003447908,1117.189167,0.01075094
623,20181116,1128.5,1131.84,-0.002950947,1131.675,-0.002805576,1125.38,0.002772397,1117.548333,0.009799725
624,20181119,1128.6,1130.78,-0.001927873,1131.685,-0.002726024,1125.471667,0.002779575,1117.9475,0.009528623
625,20181120,1125.8,1129.28,-0.00308161,1131.095,-0.004681304,1125.595,0.000182126,1118.3325,0.006677352
626,20181121,1131.6,1128.74,0.002533799,1131.06,0.000477428,1125.806667,0.00514594,1118.779167,0.011459664
627,20181122,1129.2,1128.74,0.000407534,1130.62,-0.001255948,1125.936667,0.002898328,1119.2375,0.008901149
628,20181123,1130.5,1129.14,0.001204456,1130.05,0.000398212,1126.13,0.003880547,1119.685,0.009658967
629,20181126,1128.9,1129.2,-0.000265675,1129.425,-0.000464838,1126.381667,0.002235773,1120.085,0.007869938
630,20181127,1129.4,1129.92,-0.00046021,1128.935,0.000411893,1126.705,0.00239193,1120.515833,0.00792864
631,20181128,1126.5,1128.9,-0.002125963,1128.28,-0.001577623,1126.976667,-0.000422961,1120.945,0.00495564
632,20181129,1119.2,1126.9,-0.006832904,1127.335,-0.007216134,1127.153333,-0.007056124,1121.339167,-0.001907689
633,20181130,1121.2,1125.04,-0.003413212,1127.315,-0.005424393,1127.291667,-0.005403807,1121.76,-0.000499216
634,20181203,1110.7,1121.4,-0.009541644,1126.675,-0.014178889,1127.298333,-0.014723994,1122.1075,-0.010166138
635,20181204,1105.3,1116.58,-0.010102277,1125.75,-0.018165667,1127.138333,-0.019375025,1122.3525,-0.015193533
636,20181205,1114.1,1114.1,-8.16E-16,1125.29,-0.009944103,1127.015,-0.011459475,1122.676667,-0.007639481
637,20181206,1120.3,1114.32,0.005366502,1125.44,-0.004567103,1126.953333,-0.005903823,1123.035833,-0.002436105
638,20181207,1119.8,1114.04,0.005170371,1125.015,-0.004635494,1126.903333,-0.00630341,1123.341667,-0.003152796
639,20181210,1126.5,1117.2,0.008324382,1124.645,0.001649409,1126.871667,-0.000329822,1123.581667,0.002597349
640,20181211,1130.1,1122.16,0.00707564,1124.485,0.004993397,1126.951667,0.002793672,1123.7925,0.005612691
641,20181212,1128.5,1125.04,0.003075446,1124.195,0.003829407,1126.95,0.001375394,1123.954167,0.004044501
642,20181213,1123.4,1125.66,-0.002007711,1123.905,-0.000449326,1126.966667,-0.003164838,1124.106667,-0.000628647
643,20181214,1130.8,1127.86,0.002606707,1124.02,0.006031921,1127.203333,0.003190788,1124.256667,0.005820142
644,20181217,1131.3,1128.82,0.002196984,1124.155,0.006355885,1127.281667,0.003564622,1124.455833,0.006086648
645,20181218,1129.6,1128.72,0.000779644,1124.345,0.004673832,1127.388333,0.001961761,1124.559167,0.004482497
646,20181219,1123.5,1127.72,-0.003742064,1123.94,-0.00039148,1127.428333,-0.003484331,1124.631667,-0.001006255
647,20181220,1127.8,1128.6,-0.000708843,1123.87,0.003496846,1127.551667,0.000220241,1124.716667,0.002741431
648,20181221,1122.4,1126.92,-0.004010932,1123.465,-0.00094796,1127.67,-0.004673353,1124.701667,-0.002046469
649,20181224,1125.2,1125.7,-0.000444168,1123.28,0.00170928,1127.881667,-0.002377613,1124.790833,0.000363771
650,20181226,1125.4,1124.86,0.00048006,1123.08,0.002065748,1128.15,-0.002437619,1124.835833,0.000501555
651,20181227,1120,1124.16,-0.003700541,1122.755,-0.002453786,1128.286667,-0.007344469,1124.846667,-0.004308735
652,20181228,1115.7,1121.74,-0.005384492,1122.58,-0.006128739,1128.228333,-0.011104431,1124.856667,-0.008140296
653,20190102,1119,1121.06,-0.001837547,1122.47,-0.003091397,1128.046667,-0.008019763,1124.86,-0.005209537
654,20190103,1127.7,1121.56,0.005474518,1123.32,0.003899156,1128.001667,-0.000267435,1124.958333,0.002437127
655,20190104,1124.5,1121.38,0.002782286,1124.28,0.000195681,1127.865,-0.002983513,1125.060833,-0.000498492
656,20190107,1118.6,1121.1,-0.002229953,1124.505,-0.005251199,1127.608333,-0.007988885,1125.0825,-0.0057618
657,20190108,1124.1,1122.78,0.001175653,1124.695,-0.000529032,1127.27,-0.002812104,1125.116667,-0.00090361
658,20190109,1122.1,1123.4,-0.001157201,1124.81,-0.002409296,1127.115,-0.004449413,1125.085,-0.002653133
659,20190110,1118.3,1121.52,-0.002871104,1124.4,-0.005425116,1126.848333,-0.007586055,1125.041667,-0.005992371
660,20190111,1116.4,1119.9,-0.003125279,1123.715,-0.006509658,1126.655,-0.009102165,1124.935,-0.007587105
661,20190114,1123,1120.78,0.001980763,1123.44,-0.000391654,1126.596667,-0.003192506,1124.925833,-0.001711965
662,20190115,1120.7,1120.1,0.000535666,1123.305,-0.00231905,1126.355,-0.00502062,1124.829167,-0.003670928
663,20190116,1120.1,1119.7,0.000357239,1122.77,-0.002378047,1126.155,-0.005376702,1124.72,-0.004107689
664,20190117,1122.5,1120.54,0.001749157,1122.33,0.000151471,1126.056667,-0.003158515,1124.626667,-0.001890998
665,20190118,1121.9,1121.64,0.000231803,1121.945,-4.01E-05,1125.795,-0.003459777,1124.5475,-0.00235428
666,20190121,1128.1,1122.66,0.004845634,1122.175,0.005279925,1125.725,0.002109751,1124.488333,0.003211831
667,20190122,1130.5,1124.62,0.005228433,1122.31,0.007297449,1125.6,0.004353234,1124.523333,0.005314845
668,20190123,1127.3,1126.06,0.001101185,1122.555,0.004226964,1125.356667,0.00172686,1124.59,0.002409767
669,20190124,1128.6,1127.28,0.00117096,1122.725,0.005232804,1125.143333,0.003072201,1124.6775,0.003487666
670,20190125,1121.3,1127.16,-0.005198907,1122.52,-0.00108684,1124.845,-0.003151545,1124.686667,-0.003011209
671,20190128,1117.7,1125.08,-0.006559534,1122.405,-0.004191892,1124.48,-0.006029454,1124.678333,-0.006204737
672,20190129,1116.5,1122.28,-0.00515023,1122.445,-0.005296473,1124.12,-0.006778636,1124.644167,-0.00724155
673,20190130,1116.3,1120.08,-0.003374759,1122.31,-0.005355027,1124.031667,-0.006878513,1124.5625,-0.007347302
674,20190131,1112.7,1116.9,-0.003760408,1121.56,-0.007899711,1123.851667,-0.009922721,1124.438333,-0.010439286
675,20190201,1118.8,1116.4,0.002149767,1121.275,-0.002207309,1123.768333,-0.004421137,1124.395,-0.004976009
676,20190207,1124.1,1117.68,0.005744041,1121.55,0.002273639,1123.781667,0.00028327,1124.3975,-0.000264586
677,20190208,1123.9,1119.16,0.004235319,1121.54,0.00210425,1123.891667,7.41E-06,1124.430833,-0.000472091
678,20190211,1124.7,1120.84,0.003443846,1121.67,0.002701329,1123.831667,0.000772654,1124.493333,0.000183786
679,20190212,1123.9,1123.08,0.000730135,1121.95,0.001738045,1123.665,0.000209137,1124.451667,-0.000490609
680,20190213,1121.7,1123.66,-0.0017443,1122.215,-0.000458914,1123.471667,-0.001576957,1124.35,-0.002356917
681,20190214,1125.1,1123.86,0.00110334,1122.32,0.002477012,1123.318333,0.001586075,1124.326667,0.000687819
682,20190215,1128.7,1124.82,0.003449441,1122.72,0.00532635,1123.31,0.004798319,1124.315,0.003900153
683,20190218,1125.8,1125.04,0.000675532,1123.005,0.002488858,1123.265,0.002256814,1124.3225,0.001314125
684,20190219,1128.2,1125.9,0.00204281,1123.29,0.004371088,1123.258333,0.004399404,1124.365,0.003410814
685,20190220,1123.5,1126.26,-0.002450589,1123.37,0.000115723,1123.22,0.000249283,1124.4075,-0.000807092
686,20190221,1125.2,1126.28,-0.000958909,1123.225,0.00175833,1123.113333,0.001857931,1124.46,0.000658094
687,20190222,1125.2,1125.58,-0.000337604,1122.96,0.001994728,1123.046667,0.001917403,1124.491667,0.000629914
688,20190225,1121,1124.62,-0.003218865,1122.645,-0.00146529,1122.888333,-0.001681675,1124.509167,-0.003120621
689,20190226,1118.6,1122.7,-0.003651911,1122.145,-0.003159128,1122.716667,-0.003666701,1124.549167,-0.005290268
690,20190227,1119.1,1121.82,-0.002424631,1122.035,-0.002615783,1122.545,-0.003068919,1124.625,-0.004912749
691,20190228,1124.7,1121.72,0.002656634,1122.385,0.002062572,1122.515,0.001946522,1124.745833,-4.07E-05
692,20190304,1124.9,1121.66,0.002888576,1122.805,0.001865863,1122.61,0.002039889,1124.881667,1.63E-05
693,20190305,1125.5,1122.56,0.002619014,1123.265,0.001989735,1122.681667,0.002510358,1124.986667,0.000456302
694,20190306,1128.8,1124.6,0.003734661,1124.07,0.004207923,1122.983333,0.005179655,1125.140833,0.003252185
695,20190307,1129,1126.58,0.002148094,1124.58,0.003930356,1123.378333,0.005004251,1125.258333,0.003325162
696,20190308,1136.2,1128.88,0.006484303,1125.185,0.009789501,1123.746667,0.011081976,1125.380833,0.009613783
697,20190311,1133.7,1130.64,0.002706432,1125.675,0.007129056,1123.97,0.008656815,1125.461667,0.007319959
698,20190312,1129.8,1131.5,-0.00150243,1125.93,0.003437159,1124.136667,0.00503794,1125.52,0.003802687
699,20190313,1132.6,1132.26,0.000300284,1126.365,0.005535506,1124.238333,0.007437628,1125.555,0.006259134
700,20190314,1134.8,1133.42,0.001217554,1127.02,0.006903161,1124.316667,0.009324182,1125.634167,0.008142817
701,20190315,1137.3,1133.64,0.003228538,1127.63,0.008575508,1124.463333,0.011415816,1125.706667,0.010298716
702,20190318,1132.1,1133.32,-0.001076483,1127.8,0.003812733,1124.608333,0.006661578,1125.7875,0.005607186
703,20190319,1130.6,1133.48,-0.002540848,1128.04,0.002269423,1124.605,0.005330761,1125.904167,0.004170722
704,20190320,1130.4,1133.04,-0.002330015,1128.15,0.001994416,1124.59,0.005166327,1125.935833,0.00396485
705,20190321,1127.7,1131.62,-0.00346406,1128.36,-0.00058492,1124.558333,0.002793689,1125.973333,0.001533488
706,20190322,1130.1,1130.18,-7.08E-05,1128.605,0.001324644,1124.668333,0.004829572,1126.048333,0.003598129
707,20190325,1134.2,1130.6,0.00318415,1129.055,0.004556908,1124.775,0.008379454,1126.163333,0.007136324
708,20190326,1133.4,1131.16,0.001980268,1129.675,0.003297409,1124.958333,0.007503982,1126.314167,0.00629117
709,20190327,1134.5,1131.98,0.002226188,1130.47,0.003564889,1125.113333,0.008342863,1126.4975,0.007103877
710,20190328,1136.8,1133.8,0.002645969,1131.355,0.004812813,1125.303333,0.010216505,1126.726667,0.008940352
711,20190329,1135.1,1134.8,0.000264364,1131.875,0.002849255,1125.555,0.008480261,1126.920833,0.007257978
712,20190401,1133.7,1134.7,-0.00088129,1132.315,0.001223158,1125.855,0.006968038,1127.041667,0.005907797
713,20190402,1136.4,1135.3,0.000968907,1132.86,0.003124834,1126.145,0.009106287,1127.095833,0.008254992
714,20190403,1134.3,1135.26,-0.000845621,1133.135,0.001028121,1126.255,0.007143143,1127.128333,0.006362777
715,20190404,1136.3,1135.16,0.001004264,1133.5,0.002470225,1126.451667,0.008742793,1127.158333,0.008110366
716,20190405,1136.6,1135.46,0.001003998,1133.52,0.0027172,1126.751667,0.008740465,1127.18,0.008357139
717,20190408,1144.7,1137.66,0.006188141,1134.07,0.009373319,1127.095,0.015619801,1127.1825,0.015540962
718,20190409,1142.1,1138.8,0.002897787,1134.685,0.006534853,1127.428333,0.013013392,1127.271667,0.013154179
719,20190410,1138.6,1139.66,-0.000930102,1134.985,0.003185064,1127.766667,0.009606006,1127.3075,0.010017231
720,20190411,1139.4,1140.28,-0.00077174,1135.215,0.003686526,1128.15,0.009972078,1127.4025,0.010641718
721,20190412,1139.4,1140.84,-0.001262228,1135.32,0.0035937,1128.423333,0.009727437,1127.51,0.010545361
722,20190415,1133.1,1138.52,-0.004760566,1135.37,-0.001999348,1128.63,0.003960554,1127.4925,0.004973426
723,20190416,1135.7,1137.24,-0.001354156,1135.625,6.60E-05,1128.89,0.006032474,1127.5225,0.007252627
724,20190417,1134.8,1136.48,-0.001478249,1135.845,-0.00092002,1129.095,0.005052719,1127.575833,0.006406812
725,20190418,1136.9,1135.98,0.000809873,1136.305,0.000523627,1129.345,0.006689718,1127.57,0.008274431
726,20190419,1136.9,1135.48,0.001250572,1136.645,0.000224344,1129.491667,0.006558998,1127.608333,0.008240154
727,20190422,1141.5,1137.16,0.003816525,1137.01,0.003948954,1129.675,0.010467612,1127.6375,0.012293401
728,20190423,1141.8,1138.38,0.003004269,1137.43,0.003841995,1129.916667,0.010517,1127.636667,0.012560192
729,20190424,1150.9,1141.6,0.008146461,1138.25,0.011113552,1130.288333,0.01823576,1127.715833,0.020558518
730,20190425,1160.5,1146.32,0.012370019,1139.435,0.018487233,1130.941667,0.026136037,1127.893333,0.028909353
731,20190426,1161,1151.14,0.008565422,1140.73,0.017769323,1131.663333,0.025923493,1128.071667,0.02918993
732,20190429,1158.5,1154.54,0.003429937,1141.97,0.014474986,1132.363333,0.02308152,1128.241667,0.026819018
733,20190430,1168.2,1159.82,0.007225259,1143.56,0.021546749,1133.228333,0.030860212,1128.63,0.035060206
734,20190502,1165.7,1162.78,0.002511223,1145.13,0.017963026,1134.111667,0.02785293,1128.981667,0.03252341
735,20190503,1170,1164.68,0.004567778,1146.815,0.020216861,1134.965,0.030868793,1129.366667,0.035978867
736,20190507,1166.5,1165.78,0.000617612,1148.31,0.01584067,1135.671667,0.027145463,1129.726667,0.032550646
737,20190508,1169.4,1167.96,0.001232919,1149.545,0.017272051,1136.43,0.029011906,1130.160833,0.034719985
738,20190509,1179.8,1170.28,0.008134805,1151.43,0.024638927,1137.348333,0.037325123,1130.59,0.043525947
739,20190510,1177,1172.54,0.003803708,1153.35,0.020505484,1138.233333,0.034058629,1130.949167,0.040718747
740,20190513,1187.5,1176.04,0.009744567,1155.755,0.027466894,1139.33,0.042279234,1131.400833,0.049583812
741,20190514,1189.4,1180.62,0.007436771,1158.255,0.026889588,1140.401667,0.042965856,1131.86,0.050836676
742,20190515,1188.6,1184.46,0.003495264,1161.03,0.023746156,1141.4,0.041352725,1132.355,0.049670819
743,20190516,1191.5,1186.8,0.003960229,1163.82,0.023783747,1142.495,0.042892967,1132.88,0.051744227
744,20190517,1195.7,1190.54,0.004334168,1166.865,0.024711513,1143.62,0.045539602,1133.439167,0.0549309
745,20190520,1194.2,1191.88,0.001946505,1169.73,0.020919357,1144.798333,0.043153161,1134.009167,0.053077907
746,20190521,1194,1192.8,0.001006036,1172.585,0.018263068,1145.945,0.041934822,1134.529167,0.052418955
747,20190522,1192.8,1193.64,-0.00070373,1175.15,0.015019359,1147.071667,0.03986528,1135.059167,0.050870329
748,20190523,1189.2,1193.18,-0.003335624,1177.52,0.009919152,1148.208333,0.035700548,1135.548333,0.047247365
749,20190524,1188.4,1191.72,-0.002785889,1179.395,0.007635271,1149.371667,0.033956234,1136.044167,0.04608609
750,20190527,1184.5,1189.78,-0.004437795,1180.595,0.003307654,1150.461667,0.029586673,1136.503333,0.042231875
751,20190528,1185.8,1188.14,-0.001969465,1181.835,0.003354952,1151.48,0.02980512,1136.9975,0.042922258
752,20190529,1193.9,1188.36,0.004661887,1183.605,0.008698003,1152.63,0.035805072,1137.62,0.049471704
753,20190530,1188.8,1188.28,0.000437607,1184.635,0.003515851,1153.685,0.030437251,1138.183333,0.044471453
754,20190531,1190.9,1188.78,0.001783341,1185.895,0.004220441,1154.72,0.031332271,1138.851667,0.045702469
755,20190603,1182.1,1188.3,-0.005217538,1186.5,-0.003708386,1155.605,0.022927384,1139.491667,0.037392405
756,20190604,1182.8,1187.7,-0.004125621,1187.315,-0.003802698,1156.381667,0.022845687,1140.064167,0.037485463
757,20190605,1178.6,1184.64,-0.005098595,1187.775,-0.007724527,1157.13,0.018554527,1140.55,0.033361098
758,20190607,1181.4,1183.16,-0.001487542,1187.855,-0.005434165,1157.99,0.020216064,1141.063333,0.035350068
759,20190610,1185.2,1182.02,0.00269031,1188.265,-0.002579391,1158.866667,0.02272335,1141.5525,0.03823521
760,20190611,1180.4,1181.68,-0.001083204,1187.91,-0.006322028,1159.626667,0.017913811,1141.971667,0.033650864
761,20190612,1182.6,1181.64,0.00081243,1187.57,-0.004185016,1160.381667,0.019147436,1142.4225,0.035168688
762,20190613,1183.1,1182.54,0.000473557,1187.295,-0.003533242,1161.231667,0.018832016,1142.92,0.035155566
763,20190614,1185.3,1183.32,0.001673258,1186.985,-0.001419563,1162.143333,0.019925827,1143.374167,0.036668515
764,20190617,1186.5,1183.58,0.002467091,1186.525,-2.11E-05,1163.078333,0.020137652,1143.834167,0.037300716
765,20190618,1185.8,1184.66,0.000962301,1186.105,-0.000257144,1164.046667,0.018687681,1144.3025,0.036264449
766,20190619,1176.1,1183.36,-0.006135073,1185.21,-0.007686402,1164.813333,0.009689678,1144.740833,0.027394119
767,20190620,1162.1,1179.16,-0.014467926,1183.675,-0.018227132,1165.278333,-0.002727531,1145.026667,0.014910861
768,20190621,1164,1174.9,-0.009277385,1182.415,-0.015574058,1165.788333,-0.001534012,1145.373333,0.016262529
769,20190624,1156.5,1168.9,-0.010608264,1180.82,-0.020595857,1166.155,-0.008279345,1145.634167,0.009484558
770,20190625,1156.2,1162.98,-0.005829851,1179.405,-0.019675175,1166.478333,-0.008811422,1145.890833,0.008996639
771,20190626,1156.6,1159.08,-0.002139628,1177.945,-0.01812054,1166.836667,-0.008773007,1146.195833,0.009077128
772,20190627,1158.1,1158.28,-0.000155403,1176.155,-0.015350868,1167.243333,-0.007833271,1146.549167,0.010074433
773,20190628,1154.7,1156.42,-0.001487349,1174.45,-0.016816382,1167.548333,-0.011004541,1146.846667,0.006847762
774,20190701,1158.8,1156.88,0.001659636,1172.845,-0.011975154,1167.956667,-0.007839903,1147.105833,0.010194497
775,20190702,1166,1158.84,0.006178592,1172.04,-0.005153408,1168.451667,-0.002098218,1147.451667,0.016164806
776,20190703,1171.3,1161.78,0.008194323,1171.465,-0.000140849,1169.03,0.001941781,1147.890833,0.020393199
777,20190704,1168.6,1163.88,0.004055401,1170.965,-0.002019702,1169.428333,-0.000708323,1148.261667,0.017712281
778,20190705,1170.4,1167.02,0.002896266,1170.415,-1.28E-05,1169.9,0.000427387,1148.664167,0.018922705
779,20190708,1182,1171.66,0.008825086,1170.255,0.010036274,1170.623333,0.009718469,1149.195,0.028546069
780,20190709,1180.5,1174.56,0.005057213,1170.26,0.008750192,1171.308333,0.00784735,1149.729167,0.026763549
781,20190710,1181.6,1176.62,0.004232462,1170.21,0.009733296,1172.011667,0.00818109,1150.2175,0.02728397
782,20190711,1173.5,1177.6,-0.003481658,1169.73,0.003222966,1172.685,0.000694986,1150.6575,0.019851693
783,20190712,1179.2,1179.36,-0.000135667,1169.425,0.008358809,1173.41,0.004934337,1151.15,0.024366937
784,20190715,1179.3,1178.82,0.000407187,1169.065,0.00875486,1174.151667,0.004384726,1151.623333,0.024032742
785,20190716,1177.6,1178.24,-0.000543183,1168.655,0.007654098,1174.83,0.002357788,1152.0875,0.022144585
786,20190717,1181.3,1178.18,0.002648152,1168.915,0.010595296,1175.57,0.004874231,1152.530833,0.024961733
787,20190718,1178.8,1179.24,-0.000373122,1169.75,0.007736696,1176.191667,0.002217609,1152.933333,0.022435527
788,20190719,1174.5,1178.3,-0.003224985,1170.275,0.003610263,1176.736667,-0.001900737,1153.326667,0.018358488
789,20190722,1178.3,1178.1,0.000169765,1171.365,0.005920443,1177.193333,0.000940089,1153.740833,0.021286554
790,20190723,1178.9,1178.36,0.000458264,1172.5,0.005458422,1177.5,0.00118896,1154.220833,0.021381668
791,20190724,1177.9,1177.68,0.000186808,1173.565,0.003693873,1177.781667,0.000100471,1154.7225,0.020071922
792,20190725,1181.5,1178.22,0.00278386,1174.735,0.005758746,1178.165,0.002830673,1155.264167,0.022709813
793,20190726,1184.8,1180.28,0.0038296,1176.24,0.007277426,1178.441667,0.005395544,1155.835,0.025059805
794,20190729,1183.5,1181.32,0.001845393,1177.475,0.005116881,1178.738333,0.00403963,1156.425,0.023412673
795,20190730,1181.6,1181.86,-0.000219992,1178.255,0.002838944,1178.931667,0.002263349,1156.948333,0.021307491
796,20190731,1183.1,1182.9,0.000169076,1178.845,0.003609465,1179.208333,0.003300237,1157.44,0.022169616
797,20190801,1188.5,1184.3,0.003546399,1179.84,0.007339978,1179.526667,0.007607571,1157.978333,0.026357718
798,20190802,1198,1186.94,0.009318078,1181.22,0.014205652,1179.83,0.015400524,1158.589167,0.034016228
799,20190805,1215.3,1193.3,0.018436269,1182.885,0.02740334,1180.468333,0.029506651,1159.350833,0.048259047
800,20190806,1215.3,1200.04,0.012716243,1184.625,0.02589427,1180.931667,0.029102728,1160.130833,0.047554263
801,20190807,1214.9,1206.4,0.007045756,1186.29,0.024117206,1181.356667,0.028393909,1160.879167,0.046534415
802,20190808,1209.2,1210.54,-0.001106944,1188.075,0.017780864,1181.7,0.023271558,1161.55,0.041022771
803,20190809,1210.5,1213.04,-0.002093913,1189.64,0.017534716,1182.016667,0.024097235,1162.255833,0.041509077
804,20190812,1216.2,1213.22,0.002456273,1191.485,0.020743022,1182.358333,0.028622175,1162.989167,0.045753507
805,20190813,1222.2,1214.6,0.006257204,1193.715,0.02386248,1182.825,0.033288948,1163.811667,0.050169916
806,20190814,1212.7,1214.16,-0.001202477,1195.285,0.014569747,1183.136667,0.024987251,1164.540833,0.04135464
807,20190816,1210.8,1214.48,-0.003030103,1196.885,0.011626013,1183.436667,0.023121925,1165.254167,0.039086608
808,20190819,1211,1214.58,-0.002947521,1198.71,0.010252688,1183.8,0.022976854,1166.004167,0.038589771
809,20190820,1208.3,1213,-0.003874691,1200.21,0.006740487,1184.131667,0.020410174,1166.751667,0.035610263
810,20190821,1202.5,1209.06,-0.005425703,1201.39,0.00092393,1184.431667,0.015254855,1167.446667,0.03002564
811,20190822,1207.4,1208,-0.000496689,1202.865,0.003770165,1184.791667,0.019082117,1168.135833,0.033612672
812,20190823,1210.6,1207.96,0.002185503,1204.32,0.005214561,1185.07,0.021543031,1168.85,0.035718869
813,20190826,1217.8,1209.32,0.007012205,1205.97,0.009809531,1185.553333,0.027199676,1169.619167,0.041193608
814,20190827,1211.2,1209.9,0.001074469,1207.355,0.003184647,1185.891667,0.021341185,1170.305833,0.034943145
815,20190828,1213.9,1212.18,0.001418931,1208.97,0.004077851,1186.421667,0.023160681,1171.013333,0.036623551
816,20190829,1216.4,1213.98,0.001993443,1210.635,0.004761964,1186.981667,0.024784151,1171.681667,0.038165941
817,20190830,1211.2,1214.1,-0.002388601,1211.77,-0.000470386,1187.525,0.019936422,1172.3275,0.033158396
818,20190902,1210.8,1212.7,-0.001566752,1212.41,-0.001327934,1188.015,0.019179051,1173.0025,0.032222864
819,20190903,1215.6,1213.58,0.001664497,1212.425,0.002618719,1188.521667,0.022783205,1173.694167,0.035704219
820,20190904,1208.2,1212.44,-0.00349708,1212.07,-0.003192885,1188.985,0.016160843,1174.305833,0.028863151
821,20190905,1200.2,1209.2,-0.007442937,1211.335,-0.009192337,1189.278333,0.00918344,1174.83,0.021594614
822,20190906,1196.9,1206.34,-0.007825323,1210.72,-0.011414695,1189.508333,0.006214052,1175.37,0.018317636
823,20190909,1193,1202.78,-0.008131163,1209.845,-0.013923271,1189.636667,0.002827194,1175.89,0.014550681
824,20190910,1193.3,1198.32,-0.004189198,1208.7,-0.012740961,1189.75,0.00298382,1176.414167,0.014353647
825,20190911,1191,1194.88,-0.003247188,1207.14,-0.013370446,1189.836667,0.000977725,1176.941667,0.0119448
826,20190916,1183.1,1191.46,-0.007016601,1205.66,-0.018711743,1189.953333,-0.005759329,1177.383333,0.0048554
827,20190917,1190.7,1190.22,0.000403287,1204.655,-0.01158423,1190.43,0.000226809,1177.854167,0.010906132
828,20190918,1191.3,1189.88,0.001193398,1203.67,-0.010276903,1190.885,0.00034848,1178.336667,0.011001383
829,20190919,1193.6,1189.94,0.003075785,1202.935,-0.007760187,1191.503333,0.001759682,1178.829167,0.012530088
830,20190920,1188,1189.34,-0.001126675,1202.21,-0.011819898,1192.033333,-0.003383574,1179.255833,0.007414987
831,20190923,1194,1191.52,0.002081375,1201.54,-0.00627528,1192.656667,0.001126337,1179.746667,0.01208169
832,20190924,1195.7,1192.52,0.002666622,1200.795,-0.004243022,1193.283333,0.002025225,1180.263333,0.013079002
833,20190925,1198.8,1194.02,0.004003283,1199.845,-0.000870946,1194.018333,0.004004684,1180.783333,0.015258233
834,20190926,1198.8,1195.06,0.00312955,1199.225,-0.000354396,1194.685,0.003444423,1181.320833,0.014796291
835,20190927,1199.9,1197.44,0.002054383,1198.525,0.001147243,1195.25,0.003890399,1181.850833,0.01527195
836,20190930,1196.2,1197.88,-0.001402478,1197.515,-0.001098107,1195.665,0.00044745,1182.3475,0.011716099
837,20191001,1199,1198.54,0.0003838,1196.905,0.001750348,1196.171667,0.002364488,1182.8,0.013696314
838,20191002,1206,1199.98,0.00501675,1196.665,0.007800847,1196.765,0.007716636,1183.3325,0.019155647
839,20191004,1196.8,1199.58,-0.002317478,1195.725,0.000899036,1197.011667,-0.000176829,1183.8175,0.01096664
840,20191007,1196.6,1198.92,-0.001935075,1195.145,0.001217426,1197.28,-0.000567954,1184.294167,0.010390859
841,20191008,1193.1,1198.3,-0.004339481,1194.79,-0.001414475,1197.471667,-0.003650747,1184.741667,0.007054984
842,20191010,1196.2,1197.74,-0.001285755,1194.755,0.001209453,1197.85,-0.001377468,1185.2675,0.009223656
843,20191011,1188.8,1194.3,-0.004605208,1194.545,-0.004809363,1198.01,-0.007687749,1185.71,0.002606034
844,20191014,1184.9,1191.92,-0.005889657,1194.125,-0.007725322,1198.103333,-0.011020196,1186.1275,-0.00103488
845,20191015,1185.2,1189.64,-0.003732222,1193.835,-0.007232993,1198.23,-0.010874373,1186.53,-0.001120916
846,20191016,1187.8,1188.58,-0.000656245,1194.07,-0.005250948,1198.338333,-0.008794122,1186.954167,0.000712608
847,20191017,1187,1186.74,0.000219088,1193.885,-0.005766887,1198.475,-0.009574668,1187.333333,-0.000280741
848,20191018,1181.5,1185.28,-0.00318912,1193.395,-0.009967362,1198.591667,-0.014259791,1187.664167,-0.00519016
849,20191021,1172,1182.7,-0.009047096,1192.315,-0.017038283,1198.486667,-0.022100093,1187.84,-0.013335129
850,20191022,1169.7,1179.6,-0.008392675,1191.4,-0.018213866,1198.333333,-0.023894298,1187.916667,-0.01533497
851,20191023,1172.4,1176.52,-0.003501853,1190.32,-0.015054775,1198.241667,-0.021566323,1188.011667,-0.013141005
852,20191024,1172.9,1173.7,-0.000681605,1189.18,-0.013690106,1198.098333,-0.021031941,1188.131667,-0.012819847
853,20191025,1173,1172,0.000853242,1187.89,-0.012534831,1197.901667,-0.020787739,1188.171667,-0.012768918
854,20191028,1170.7,1171.74,-0.000887569,1186.485,-0.013304003,1197.688333,-0.022533686,1188.213333,-0.014739216
855,20191029,1163,1170.4,-0.006322625,1184.64,-0.018267153,1197.378333,-0.028711337,1188.155,-0.02117148
856,20191030,1168.1,1169.54,-0.001231253,1183.235,-0.012791204,1197.128333,-0.024248305,1188.168333,-0.016890143
857,20191031,1163.4,1167.64,-0.003631256,1181.455,-0.015282004,1196.71,-0.027834647,1188.118333,-0.020804606
858,20191101,1165.6,1166.16,-0.000480209,1179.435,-0.011730193,1196.17,-0.025556568,1188,-0.018855219
859,20191104,1159.2,1163.86,-0.004003918,1177.555,-0.015587382,1195.235,-0.030148883,1187.851667,-0.024120576
860,20191105,1157.5,1162.76,-0.004523719,1175.6,-0.015396393,1194.271667,-0.030790035,1187.601667,-0.025346602
861,20191106,1156.9,1160.52,-0.003119291,1173.79,-0.014389286,1193.305,-0.030507708,1187.330833,-0.025629616
862,20191107,1159.3,1159.7,-0.000344917,1171.945,-0.010789755,1192.473333,-0.027818931,1187.086667,-0.023407446
863,20191108,1157.5,1158.08,-0.000500829,1170.38,-0.011004973,1191.59,-0.028608834,1186.803333,-0.024690977
864,20191111,1166.8,1159.6,0.006209038,1169.475,-0.002287351,1190.766667,-0.020127089,1186.5625,-0.016655254
865,20191112,1160.8,1160.26,0.000465413,1168.255,-0.006381312,1189.743333,-0.024327376,1186.284167,-0.021482346
866,20191113,1167.8,1162.44,0.004610991,1167.255,0.000466907,1188.995,-0.017825979,1186.065833,-0.015400354
867,20191114,1169.7,1164.52,0.004448185,1166.39,0.002837816,1188.31,-0.015660897,1185.873333,-0.013638331
868,20191115,1166.6,1166.34,0.00022292,1165.645,0.000819289,1187.57,-0.017657906,1185.685,-0.016096181
869,20191118,1164.5,1165.88,-0.001183655,1165.27,-0.000660791,1186.84,-0.018823093,1185.485833,-0.017702306
870,20191119,1167.6,1167.24,0.00030842,1165.165,0.002089833,1186.258333,-0.015728727,1185.345,-0.014970325
871,20191120,1170.1,1167.7,0.002055322,1165.05,0.004334578,1185.636667,-0.013104071,1185.214167,-0.012752266
872,20191121,1178.1,1169.38,0.007456943,1165.31,0.01097562,1185.095,-0.00590248,1185.0825,-0.005891995
873,20191122,1178.9,1171.84,0.006024713,1165.605,0.011406094,1184.446667,-0.004682918,1185,-0.005147679
874,20191125,1176,1174.14,0.001584138,1165.87,0.00868879,1183.86,-0.006639299,1184.875833,-0.00749094
875,20191126,1176.7,1175.96,0.000629273,1166.555,0.008696547,1183.24,-0.005527197,1184.830833,-0.006862442
876,20191127,1177.2,1177.38,-0.000152882,1167.01,0.008731716,1182.586667,-0.004554987,1184.784167,-0.006401307
877,20191128,1179,1177.56,0.001222868,1167.79,0.009599329,1182.05,-0.002580263,1184.7875,-0.004884842
878,20191129,1181.2,1178.02,0.002699445,1168.57,0.010808082,1181.556667,-0.000301862,1184.785833,-0.003026567
879,20191202,1183.1,1179.44,0.003103168,1169.765,0.011399726,1181.015,0.001765431,1184.768333,-0.001408152
880,20191203,1187.2,1181.54,0.004790358,1171.25,0.01361793,1180.665,0.005535016,1184.825,0.002004515
881,20191204,1194.3,1184.96,0.007882123,1173.12,0.018054419,1180.566667,0.011632832,1184.9225,0.00791402
882,20191205,1190.2,1187.2,0.002526954,1174.665,0.013225047,1180.455,0.008255291,1184.981667,0.004403725
883,20191206,1189.6,1188.88,0.000605612,1176.27,0.011332432,1180.398333,0.007795391,1185.0175,0.003867031
884,20191209,1189.9,1190.24,-0.000285657,1177.425,0.010595155,1180.341667,0.008097938,1185.045833,0.004096185
885,20191210,1191.3,1191.06,0.000201501,1178.95,0.010475423,1180.346667,0.00927976,1185.091667,0.005238695
886,20191211,1194.7,1191.14,0.002988733,1180.295,0.012204576,1180.54,0.011994511,1185.246667,0.007975836
887,20191212,1186.8,1190.46,-0.003074442,1181.15,0.004783474,1180.475,0.005358013,1185.4525,0.001136697
888,20191213,1171.7,1186.88,-0.012789836,1181.405,-0.008214795,1180.148333,-0.007158705,1185.516667,-0.011654553
889,20191216,1172.3,1183.36,-0.009346268,1181.795,-0.008034388,1179.793333,-0.006351395,1185.648333,-0.011258257
890,20191217,1166.2,1178.34,-0.010302629,1181.725,-0.013137574,1179.43,-0.011217283,1185.731667,-0.016472248
891,20191218,1168.8,1173.16,-0.003716458,1181.66,-0.010882995,1179.01,-0.008659808,1185.833333,-0.01436402
892,20191219,1165.6,1168.92,-0.002840229,1181.035,-0.013069045,1178.508333,-0.010953112,1185.895833,-0.017114347
893,20191220,1160.6,1166.7,-0.005228422,1180.12,-0.016540691,1177.871667,-0.014663454,1185.945,-0.021371143
894,20191223,1164.3,1165.1,-0.000686636,1179.535,-0.012916107,1177.296667,-0.011039415,1185.990833,-0.018289208
895,20191224,1163.9,1164.64,-0.000635389,1178.895,-0.012719538,1176.696667,-0.010875077,1185.973333,-0.018611998
896,20191226,1161.8,1163.24,-0.001237922,1178.125,-0.013856764,1176.123333,-0.012178428,1185.894167,-0.020317299
897,20191227,1161.5,1162.42,-0.000791452,1177.25,-0.013378637,1175.498333,-0.011908425,1185.835,-0.020521405
898,20191230,1156.4,1161.58,-0.004459443,1176.01,-0.016675028,1174.671667,-0.015554701,1185.718333,-0.024726221