date,open,high,low,close,close_ma5,close_ma20,close_ma60,close_ma120
2016.7.11,706.39,711.54,706.38,708.9,687.57,688.22,675.4,653.92
2016.7.12,715.93,720.3,714.75,718.36,696.74,689.37,676.15,655.08
2016.7.13,720.74,723.27,717.7,718.9,705.81,690.54,676.9,656.18
2016.7.14,724.68,726.09,719.45,724.23,714.29,692.01,677.87,657.23
2016.7.15,723.15,724.82,721.03,723.64,718.81,693.45,678.73,658.34
2016.7.18,732.63,735.74,731.85,734.54,723.93,695.72,679.85,659.5
2016.7.19,732.28,733.61,729.8,731.78,726.62,697.46,680.89,660.69
2016.7.20,735.52,745.46,733.94,743.74,731.59,699.67,682.2,662
2016.7.21,744.4,744.72,735.32,738.3,734.4,701.68,683.26,663.04
2016.7.22,735.5,742.47,731.53,742.37,738.15,702.96,684.28,664.08
2016.7.25,744.49,747.66,743.81,746.44,740.53,706.51,685.68,665.34
2016.7.26,754.97,778.72,754.93,774.92,749.15,712.84,687.84,666.82
2016.7.27,781.11,782.14,770.83,774.93,755.39,718.3,689.91,668.21
2016.7.28,770.75,775.82,767.16,770.52,761.84,722.86,692.05,669.75
2016.7.29,772.01,772.85,763.82,766.78,766.72,726.62,694.24,671.38
2016.8.1,768.13,770.83,765.36,768.02,771.03,730.77,696.43,673.05
2016.8.2,765.67,765.81,751.43,755.73,767.2,734.93,698.4,674.65
2016.8.3,751.31,756.53,751.14,756.53,763.52,739.08,700.4,676.29
2016.8.4,758.09,763.75,757.3,763.58,762.13,743.16,702.39,677.89
2016.8.5,767.38,774.05,767.38,773.78,763.53,746.8,704.58,679.4
2016.8.8,775.29,777.72,771.07,772.44,764.41,749.98,706.94,680.79
2016.8.9,776.42,780.99,776.17,778.78,769.02,753,709.37,682.26
2016.8.10,779.62,779.62,769.93,772.82,772.28,755.69,711.53,683.65
2016.8.11,774.87,777.27,772.04,776.26,774.82,758.29,713.82,685
2016.8.12,777.77,781.29,776.58,779.84,776.03,761.1,715.99,686.46
2016.8.15,782.82,792.31,782.51,790.44,779.63,763.9,718.42,687.93
2016.8.16,787.88,788.75,783.96,784.61,780.79,766.54,720.41,689.29
2016.8.17,784.41,785.01,780.4,784.61,783.15,768.58,722.33,690.63
2016.8.18,785.46,790.16,784.68,790.16,785.93,771.18,724.07,692.03
2016.8.19,792.02,798.85,790.84,797.06,789.38,773.91,725.86,693.34
2016.8.22,794.81,799.46,793.86,797.29,790.75,776.45,727.63,694.62
2016.8.23,802.09,804.69,800.73,801.31,794.09,777.77,729.39,695.93
2016.8.24,801.12,802.48,791.98,794.34,796.03,778.74,730.97,697.13
2016.8.25,796.1,801.02,794.67,797.47,797.49,780.09,732.54,698.34
2016.8.26,799.51,807.11,795.65,801.4,798.36,781.82,734.17,699.7
2016.8.29,803.18,806.81,802.71,803.62,799.63,783.6,735.81,701.03
2016.8.30,805.55,808.32,799.24,802.07,799.78,785.92,737.45,702.33
2016.8.31,802.43,802.71,797.35,801.48,801.21,788.17,738.96,703.52
2016.9.1,802.09,808.36,797.76,808.36,803.39,790.41,740.6,704.78
2016.9.2,811.06,811.2,803.39,806.96,804.5,792.07,742.2,706.05
2016.9.6,808.79,809.28,800.99,805.1,804.79,793.7,743.97,707.24
2016.9.7,805.8,806.78,797.81,799.2,804.22,794.72,745.69,708.36
2016.9.8,796.37,799.92,793.13,797.57,803.44,795.96,747.4,709.38
2016.9.9,788.61,790.67,767.08,768.37,795.44,795.56,748.62,710.15
2016.9.12,760.21,784.5,760.07,783.95,790.84,795.77,750.11,711.05
2016.9.13,779.84,786.31,772.81,776.74,785.17,795.08,751.57,711.97
2016.9.14,776.85,785.49,773.93,783.72,782.07,795.04,753.01,712.95
2016.9.15,783.73,803.02,783.65,801.77,782.91,795.9,754.72,714.09
2016.9.16,806.07,808.83,795.86,801.55,789.55,796.47,756.44,715.15
2016.9.19,806.43,814.6,800.17,803.06,793.37,796.77,757.88,716.17
2016.9.20,808.03,808.13,797.4,799.11,797.84,796.86,759.94,717.19
2016.9.21,803.96,811.45,800.01,810.65,803.23,797.32,762.65,718.26
2016.9.22,816.39,818.38,810.71,813.51,805.58,798.28,765.11,719.41
2016.9.23,811.85,812.22,803.86,804.59,806.18,798.64,767.2,720.52
2016.9.26,798.67,801.57,793.85,796.64,804.9,798.4,768.95,721.51
2016.9.27,796.38,810.98,794.66,810.84,807.25,798.76,771.04,722.71
2016.9.28,813.24,816.45,806.95,812.47,807.61,799.28,773.38,723.88
2016.9.29,811.03,827.18,803.69,822.64,809.44,800.34,775.86,725.15
2016.9.30,828.35,840.49,828.33,835.6,815.64,801.7,778.42,726.53
2016.10.3,836.74,840.8,828.03,829.49,822.21,802.83,780.56,727.73
2016.10.4,831.43,835.52,824.28,827.34,825.51,803.94,782.54,728.97
2016.10.5,829.91,839.39,828.7,833.71,829.76,805.67,784.46,730.3
2016.10.6,832.16,839.13,827.82,838.6,832.95,807.72,786.46,731.68
2016.10.7,839.22,839.58,829.82,837.02,833.23,811.15,788.34,733.1
2016.10.10,840.38,844.3,832.68,832.91,833.92,813.6,790.16,734.44
2016.10.11,830.87,830.87,808.35,815.31,831.51,815.53,791.5,735.67
2016.10.12,813.61,814.87,805.19,812.62,827.29,816.97,792.85,736.87
2016.10.13,804.22,805.24,790.17,803.05,820.18,817.04,793.84,738.02
2016.10.14,809.09,818.62,808.71,809.39,814.66,817.43,795.02,739.14
2016.10.17,808.97,812.79,804.53,805,809.07,817.52,796.07,740.17
2016.10.18,815.87,817.68,812.52,814.74,808.96,818.31,797.21,741.44
2016.10.19,807.56,812.11,803.46,810.93,808.62,818.32,797.81,742.82
2016.10.20,810.1,819.7,804.62,816.72,811.36,818.48,798.5,744.21
2016.10.21,812.66,815.78,806.79,814.53,812.38,818.98,799.24,745.64
2016.10.24,819.69,830.23,819.69,829.79,817.34,820.63,800.29,747.27
2016.10.25,828.48,832.56,827.24,828.67,820.13,821.53,801.3,748.86
2016.10.26,822.96,832.58,821.95,827.22,823.39,822.26,802.49,750.45
2016.10.27,834.48,837.8,822.83,823.74,824.79,822.32,803.61,752.01
2016.10.28,827.73,832.09,818.2,818.88,825.66,821.48,804.53,753.46
2016.10.31,823.8,827.16,821.99,823.52,824.41,821.18,805.36,754.97
2016.11.1,826.43,829.9,807.08,816.08,821.89,820.62,806.09,756.51
2016.11.2,818.43,821.15,808.15,810.57,818.56,819.46,806.62,757.99
2016.11.3,811.73,815.27,805.34,808,815.41,817.93,807.2,759.36
2016.11.4,800.99,810.32,797.74,802.88,812.21,816.23,807.65,760.73
2016.11.7,816.62,826.31,814.24,825.87,812.68,815.88,808.41,762.2
2016.11.8,825.86,832.68,820.91,827.68,815,816.49,809.03,763.73
2016.11.9,805.66,826.18,805.44,823.59,817.6,817.04,809.68,765.05
2016.11.10,827.49,833.8,798.2,806.09,817.22,817.19,810.04,766.19
2016.11.11,819.15,838.02,819.09,837.24,824.09,818.59,810.83,767.45
2016.11.14,837.69,839,829.98,832.08,825.34,819.94,811.41,768.64
2016.11.15,836.28,850.03,834.48,847.9,829.38,821.6,812.25,769.94
2016.11.16,847.08,858.31,846.23,857.55,836.17,823.93,813.19,771.29
2016.11.17,858.79,870.75,855.6,866.84,848.32,826.44,814.4,772.68
2016.11.18,868.23,874.22,865.47,872.63,855.4,829.34,815.65,774.1
2016.11.21,876.25,879.86,872.52,879,864.78,831.8,816.95,775.56
2016.11.22,885.14,888.84,884.21,888.27,872.86,834.78,818.36,777.08
2016.11.23,887.57,891,883.35,889.31,879.21,837.89,819.81,778.63
2016.11.25,888.95,891.39,886.95,890.97,884.04,841.25,821.3,780.13
2016.11.28,888.87,891.46,886.28,887.25,886.96,844.67,822.62,781.61
2016.11.29,885.87,890.86,881.52,885.25,888.21,847.75,823.92,783.06
2016.11.30,887.14,887.19,879.43,879.47,886.45,850.92,825.16,784.56
2016.12.1,878.91,878.96,832.13,836.79,875.95,852.23,825.79,785.74
2016.12.2,834.24,849.02,832.9,847.7,867.29,854.22,826.62,787.01
2016.12.5,854.87,860.56,849.46,858.13,861.47,856.98,828.12,788.37
2016.12.6,861.49,870.81,861.26,870,858.42,859.19,829.55,789.83
2016.12.7,869.8,889.84,866.62,888.45,860.21,862.23,831.42,791.49
2016.12.8,890.75,900.97,889.42,895.7,872,865.83,833.28,793.15
2016.12.9,903.64,903.64,886.31,892.51,880.96,870.15,834.79,794.76
2016.12.12,886.29,890.14,878.25,885.46,886.42,872.56,836.19,796.32
2016.12.13,890.08,901.59,888.7,895.55,891.53,875.74,837.73,797.81
2016.12.14,895.54,899.89,891.6,894.28,892.7,878.06,839.32,799.63
2016.12.15,897.7,913.82,896.69,909.97,895.55,880.68,840.98,801.81
2016.12.16,912.4,916.57,896.68,900.85,897.22,882.38,842.43,803.77
2016.12.19,904.57,913.29,902.39,909.68,902.07,884.23,844.18,805.69
2016.12.20,915.58,919.98,914.38,917.99,906.55,886.18,846.21,807.58
2016.12.21,919.54,922.45,916.86,918.33,911.36,887.68,848,809.52
2016.12.22,927.73,928.28,919.45,923.06,913.98,889.37,849.84,811.61
2016.12.23,920.82,928.04,920.43,927.92,919.4,891.22,851.59,813.73
2016.12.27,931.11,940.74,931.11,939.21,925.3,893.81,853.32,815.87
2016.12.28,943.2,944.23,920.67,921.09,925.92,895.61,854.85,817.71
2016.12.29,913.75,921.23,911.46,921.2,926.5,897.69,856.41,819.48
2016.12.30,924.33,925.31,904.23,906.47,923.18,901.18,857.63,821.04
2017.1.3,910.8,919.87,899.33,907.34,919.06,904.16,858.77,822.61
2017.1.4,910.53,913.68,905.23,909.77,913.17,906.74,859.98,824.16
2017.1.5,909.91,914.75,900.21,901.69,909.29,908.33,861.13,825.64
2017.1.6,903.26,911.32,898.55,908.65,906.78,909.34,862.69,827.09
2017.1.9,911.92,922.24,911.92,918.58,909.21,910.48,864.45,828.65
2017.1.10,919.97,924.98,918.13,923.06,912.35,912.01,866.45,830.15
2017.1.11,922.39,926.63,919.64,926.54,915.7,914.06,868.4,831.71
2017.1.12,918.78,918.8,904.66,918.16,919,915.19,870.29,833.18
2017.1.13,919.2,926.76,918.91,924.67,922.2,916.71,872.12,834.66
2017.1.17,919.9,920.61,906.56,909.48,920.38,916.69,873.76,835.79
2017.1.18,911.11,922.87,909.93,922.36,920.24,917.76,875.53,837.01
2017.1.19,921.3,928.17,917.17,918.03,918.54,918.18,877.25,838.24
2017.1.19,921.3,928.17,917.17,918.03,918.51,918.18,878.72,839.5
2017.1.20,927.55,935.58,927.45,930.01,919.58,918.77,880.41,840.85
2017.1.23,924.13,928.2,916.86,923.77,922.44,918.8,882.02,842.25
2017.1.24,929.29,943.42,928.51,942.41,926.45,919.53,884,843.8
2017.1.25,953.64,957.56,947.27,956.06,934.06,920.37,886.28,845.41
2017.1.26,955.15,955.99,946.62,950.32,940.51,921.83,888.4,846.88
2017.1.27,955.79,962.32,955.67,962.26,946.96,923.88,890.83,848.46
2017.1.30,956.62,957.31,945,956.84,953.58,926.4,893.27,849.94
2017.1.31,952.59,952.65,938.76,944.28,953.95,928.25,895.54,851.37
2017.2.1,955.5,960.11,949.91,960.11,954.76,930.77,898.16,852.9
2017.2.2,953.64,962.33,948.53,959.08,956.51,933.63,900.38,854.4
2017.2.3,963.65,965.31,960.05,964.02,956.87,936.4,902.65,855.84
2017.2.6,963.5,967.72,960.08,967.39,958.98,938.84,905.05,857.37
2017.2.7,972,974.06,965.22,970.59,964.24,941.22,907.79,858.92
2017.2.8,972.9,976.43,967.27,972.14,966.64,943.5,910.04,860.43
2017.2.9,975.03,975.03,962.54,963.81,967.59,945.78,912.24,861.82
2017.2.10,969.1,969.99,953.91,963.05,967.4,947.7,914.16,863.21
2017.2.13,968.91,971.61,963.71,965.7,967.06,950.51,915.96,864.58
2017.2.14,962.9,964.12,957,962.63,965.47,952.53,917.56,865.98
2017.2.15,965.06,971.25,960.23,970.54,965.15,955.15,919.19,867.42
2017.2.16,971.02,972.8,965.34,971.24,966.63,957.81,920.72,868.84
2017.2.17,968.7,976.8,963.01,976.8,969.38,960.15,922.2,870.28
2017.2.21,981.21,990.59,980.97,990.44,974.33,963.49,923.89,871.85
2017.2.22,989.9,991.24,985.99,990.07,979.82,965.87,925.54,873.42
2017.2.23,986.88,987.06,967.81,973.87,980.48,966.76,926.98,874.8
2017.2.24,958.78,973.56,955.11,973.44,980.92,967.91,928.45,876.19
2017.2.27,972.66,982.52,971.77,982.4,982.04,968.92,930.17,877.66
2017.2.28,982.3,982.42,967.37,969.38,977.83,969.55,932.38,879.08
2017.3.1,980.79,985.94,971.49,985.26,976.87,971.6,934.67,880.65
2017.3.2,985.87,988.09,973.33,974.33,976.96,972.31,936.61,882.36
2017.3.3,973.88,975.29,968.27,973.97,977.07,973.05,938.34,883.95
2017.3.6,968.15,976.03,963.03,974.18,975.42,973.56,939.77,885.59
2017.3.7,972.68,982.84,969.95,976.85,976.92,974.03,941.12,887.2
2017.3.8,981.53,986.62,976.75,979,975.67,974.45,942.56,888.68
2017.3.9,976,982.45,973.34,980.48,976.9,974.87,944.14,890.17
2017.3.10,989.01,994.21,986.49,991.94,980.49,976.28,945.75,891.74
2017.3.13,995.4,999.66,993.06,999.39,985.53,978.1,947.5,893.41
2017.3.14,995.98,996.64,988.42,996.33,989.43,979.63,948.94,894.96
2017.3.15,996.36,"1,006.21",992.94,"1,004.65",994.56,981.73,950.67,896.55
2017.3.16,"1,005.29","1,007.45","1,001.05","1,002.81",999.02,983.34,952.22,898.2
2017.3.17,"1,004.19","1,006.12","1,002.14","1,004.60","1,001.56",985.01,953.67,899.94
2017.3.20,"1,005.98","1,015.90","1,004.19","1,012.29","1,004.14",986.78,955.23,901.62
2017.3.21,"1,015.94","1,017.14",986.99,988.42,"1,002.55",986.68,956.32,903.08
2017.3.22,987.87,"1,000.26",986.3,999.34,"1,001.49",987.15,957.51,904.55
2017.3.23,997.91,"1,002.09",994.44,996.85,"1,000.30",988.3,958.47,905.9
2017.3.24,"1,012.41","1,016.68","1,000.53","1,004.35","1,000.25",989.84,959.86,907.35
2017.3.27,994.09,"1,008.48",990.66,"1,005.95",998.98,991.02,961.27,908.84
2017.3.28,"1,005.44","1,012.94","1,002.88","1,008.97","1,003.09",993,962.98,910.3
2017.3.29,"1,007.50","1,008.64","1,003.66","1,006.49","1,004.52",994.06,964.64,911.7
2017.3.30,"1,005.77","1,014.00","1,005.39","1,011.81","1,007.51",995.93,966.34,913.16
2017.3.31,"1,010.76","1,016.61","1,008.32","1,011.40","1,008.92",997.8,968.16,914.65
2017.4.3,"1,012.79","1,014.74",998.89,"1,005.80","1,008.89",999.39,969.78,916.23
2017.4.4,998.57,"1,007.05",997.23,"1,000.48","1,007.20","1,000.57",971.15,917.8
2017.4.5,"1,002.75","1,010.02",992.76,993.53,"1,004.60","1,001.29",972.32,919.39
2017.4.6,990.08,997.07,984.94,994.69,"1,001.18","1,002.00",973.46,920.93
2017.4.7,994.22,"1,002.33",992.87,999.35,998.77,"1,002.37",974.81,922.55
2017.4.10,998.83,"1,000.24",989.21,991.62,995.93,"1,001.99",975.93,924.02
2017.4.11,983.96,984.42,968.77,983.34,992.51,"1,001.34",977.16,925.46
2017.4.12,981.27,981.97,964.54,966.55,987.11,999.43,977.9,926.71
2017.4.13,962.54,974.62,960.01,960.01,980.17,997.29,978.6,927.92
2017.4.17,964.78,972.69,964.66,972.56,974.82,995.69,979.5,929.11
2017.4.18,967.43,977.22,966.37,976.67,971.83,993.91,980.28,930.35
2017.4.19,986.72,990.4,980.33,982.05,971.57,993.59,981.25,931.64
2017.4.20,988.18,999.18,984.46,997.55,977.77,993.5,982.17,933.08
2017.4.21,992.47,995.01,985.27,992.94,984.35,993.31,982.79,934.53
2017.4.24,"1,008.56","1,010.71","1,003.84","1,007.80",991.4,993.48,983.74,936.07
2017.4.25,"1,012.68","1,019.44","1,010.08","1,017.81",999.63,994.07,984.67,937.75
2017.4.26,"1,015.47","1,017.86","1,005.83","1,009.16","1,005.05",994.08,985.54,939.41
2017.4.27,"1,016.03","1,024.61","1,015.35","1,023.29","1,010.20",994.92,986.86,941.2
2017.4.28,"1,017.60","1,019.11","1,002.89","1,005.53","1,012.72",994.61,987.62,942.89
2017.5.1,"1,007.70","1,015.80","1,003.08","1,015.43","1,014.24",994.81,988.56,944.47
2017.5.2,"1,010.94","1,010.94",999.53,"1,004.62","1,011.61",994.75,989.23,945.94
2017.5.3,"1,001.20","1,009.23",998.87,"1,008.05","1,011.38",995.13,989.91,947.48
2017.5.4,"1,008.96","1,010.69","1,002.95","1,006.83","1,008.09",995.79,990.51,949.15
2017.5.5,"1,008.97","1,011.05","1,001.68","1,011.03","1,009.19",996.61,991.16,950.6
2017.5.8,"1,011.50","1,012.28","1,005.04","1,007.16","1,007.54",997,991.88,952.06
2017.5.9,"1,009.63","1,019.86","1,009.58","1,017.50","1,010.11",998.29,992.79,953.47
2017.5.10,"1,032.32","1,040.57","1,029.94","1,038.92","1,016.29","1,001.07",994.01,954.99
2017.5.11,"1,036.22","1,047.24","1,029.25","1,042.43","1,023.41","1,004.87",995.34,956.45
2017.5.12,"1,043.55","1,046.40","1,039.22","1,045.24","1,030.25","1,009.13",996.59,957.89
2017.5.15,"1,048.46","1,062.13","1,046.83","1,061.05","1,041.03","1,013.55",998.08,959.4
2017.5.16,"1,066.40","1,077.05","1,061.45","1,076.85","1,052.90","1,018.56",999.75,960.98
2017.5.17,"1,061.17","1,066.29","1,029.34","1,029.83","1,051.08","1,020.95","1,000.41",962.15
2017.5.18,"1,030.31","1,052.20","1,027.37","1,049.29","1,052.45","1,023.54","1,001.40",963.47
2017.5.19,"1,057.53","1,064.30","1,057.48","1,060.77","1,055.56","1,026.93","1,002.84",964.91
2017.5.22,"1,066.40","1,072.77","1,065.13","1,072.30","1,057.81","1,030.15","1,004.49",966.47
2017.5.23,"1,071.55","1,071.59","1,059.58","1,067.94","1,056.03","1,032.66","1,005.92",968.04
2017.5.24,"1,075.13","1,076.75","1,069.91","1,074.85","1,065.03","1,035.95","1,007.67",970.03
2017.5.25,"1,079.99","1,084.02","1,073.65","1,080.75","1,071.32","1,038.82","1,009.27",971.97
2017.5.26,"1,077.97","1,084.94","1,072.34","1,084.85","1,076.14","1,042.78","1,011.11",973.86
2017.5.30,"1,085.32","1,094.16","1,084.28","1,091.45","1,079.97","1,046.59","1,013.07",975.7
2017.5.31,"1,101.12","1,101.76","1,086.26","1,091.42","1,084.66","1,050.93","1,015.02",977.39
2017.6.1,"1,094.17","1,094.40","1,086.14","1,092.55","1,088.20","1,055.15","1,016.95",979.03
2017.6.2,"1,100.14","1,104.90","1,091.41","1,103.40","1,092.73","1,059.98","1,019.02",980.79
2017.6.5,"1,102.48","1,112.07","1,102.48","1,106.22","1,097.01","1,064.74","1,021.12",982.63
2017.6.6,"1,102.59","1,117.48","1,101.00","1,110.08","1,100.73","1,069.88","1,023.09",984.42
2017.6.7,"1,115.60","1,122.38","1,112.32","1,118.30","1,106.11","1,074.92","1,025.07",986.29
2017.6.8,"1,126.15","1,138.89","1,117.79","1,138.25","1,115.25","1,079.89","1,027.43",988.19
2017.6.9,"1,145.18","1,149.86","1,068.56","1,090.05","1,112.58","1,082.27","1,028.86",989.76
2017.6.12,"1,074.94","1,087.86","1,053.33","1,084.44","1,108.22","1,084.23","1,030.22",991.22
2017.6.13,"1,095.85","1,101.97","1,078.35","1,091.35","1,104.48","1,085.75","1,031.66",992.67
2017.6.14,"1,094.55","1,094.99","1,068.27","1,079.82","1,096.78","1,085.90","1,032.79",994.01
2017.6.15,"1,061.57","1,074.44","1,060.66","1,070.76","1,083.28","1,087.94","1,034.16",995.24
2017.6.16,"1,072.36","1,079.50","1,063.56","1,067.23","1,078.72","1,088.84","1,035.29",996.4
2017.6.19,"1,079.94","1,088.78","1,079.93","1,087.92","1,079.42","1,090.20","1,036.81",997.64
2017.6.20,"1,089.42","1,094.18","1,074.62","1,074.89","1,076.12","1,090.33","1,037.99",998.92
2017.6.21,"1,080.51","1,088.16","1,075.60","1,087.42","1,077.64","1,091.30","1,039.34","1,000.31"
2017.6.22,"1,089.08","1,089.95","1,080.01","1,084.96","1,080.48","1,091.81","1,040.61","1,001.80"
2017.6.23,"1,084.83","1,094.37","1,081.88","1,088.48","1,084.73","1,092.19","1,041.98","1,003.31"
2017.6.26,"1,095.62","1,099.41","1,072.51","1,077.92","1,082.73","1,091.85","1,043.08","1,004.71"
2017.6.27,"1,072.61","1,072.61","1,048.52","1,048.66","1,077.49","1,089.71","1,043.70","1,005.93"
2017.6.28,"1,057.21","1,068.20","1,044.83","1,067.18","1,073.44","1,088.49","1,044.72","1,007.25"
2017.6.29,"1,060.02","1,061.20","1,026.05","1,040.42","1,064.53","1,085.89","1,045.39","1,008.27"
2017.6.30,"1,044.97","1,048.69","1,030.51","1,034.91","1,053.82","1,082.46","1,046.08","1,009.20"
2017.7.3,"1,040.92","1,044.59","1,020.42","1,020.51","1,042.34","1,078.18","1,046.51","1,009.98"
2017.7.5,"1,027.88","1,043.15","1,026.99","1,041.78","1,040.96","1,074.76","1,047.22","1,011.01"
2017.7.6,"1,032.23","1,045.88","1,027.14","1,037.05","1,034.93","1,070.70","1,047.97","1,011.95"
2017.7.7,"1,043.49","1,058.60","1,043.49","1,054.91","1,037.83","1,066.53","1,049.17","1,013.16"
2017.7.10,"1,058.96","1,069.25","1,052.38","1,067.10","1,044.27","1,065.39","1,050.84","1,014.37"
2017.7.11,"1,066.87","1,076.06","1,063.50","1,075.42","1,055.25","1,064.93","1,052.77","1,015.68"
2017.7.12,"1,085.88","1,095.24","1,082.52","1,092.86","1,065.47","1,065.01","1,054.77","1,017.14"
2017.7.13,"1,093.87","1,101.29","1,086.48","1,090.13","1,076.08","1,065.53","1,056.66","1,018.47"
2017.7.14,"1,094.61","1,104.81","1,093.82","1,104.32","1,085.97","1,067.20","1,058.70","1,019.98"
2017.7.17,"1,106.85","1,107.13","1,096.09","1,099.55","1,092.46","1,068.82","1,060.40","1,021.29"
2017.7.18,"1,092.97","1,103.47","1,089.86","1,103.35","1,098.04","1,069.59","1,062.24","1,022.51"
2017.7.19,"1,108.58","1,113.51","1,105.83","1,113.18","1,102.11","1,071.51","1,064.00","1,023.87"
2017.7.20,"1,113.59","1,117.89","1,104.58","1,116.62","1,107.40","1,072.97","1,065.64","1,025.16"
2017.7.21,"1,108.01","1,108.08","1,101.50","1,107.54","1,108.05","1,074.09","1,067.28","1,026.41"
2017.7.24,"1,108.13","1,108.17","1,101.51","1,103.01","1,108.74","1,074.82","1,068.61","1,027.73"
2017.7.25,"1,099.98","1,105.41","1,092.16","1,102.59","1,108.59","1,076.05","1,070.23","1,028.92"
2017.7.26,"1,111.94","1,119.69","1,108.51","1,115.35","1,109.02","1,079.39","1,071.89","1,030.22"
2017.7.27,"1,118.84","1,120.51","1,084.29","1,097.27","1,105.15","1,080.89","1,073.44","1,031.33"
2017.7.28,"1,093.12","1,097.57","1,088.05","1,092.99","1,102.24","1,083.52","1,074.85","1,032.38"
2017.7.31,"1,096.92","1,099.37","1,081.91","1,085.15","1,098.67","1,086.03","1,076.16","1,033.34"
2017.8.1,"1,087.75","1,091.44","1,083.01","1,091.13","1,096.38","1,089.56","1,077.49","1,034.33"
2017.8.2,"1,099.49","1,099.95","1,076.36","1,083.96","1,090.10","1,091.67","1,078.77","1,035.33"
2017.8.3,"1,082.89","1,085.62","1,073.74","1,078.80","1,086.41","1,093.76","1,079.80","1,036.29"
2017.8.4,"1,080.23","1,087.80","1,076.42","1,079.45","1,083.70","1,094.99","1,080.47","1,037.24"
2017.8.7,"1,082.85","1,098.59","1,082.57","1,098.25","1,086.32","1,096.55","1,081.40","1,038.37"
2017.8.8,"1,098.22","1,107.23","1,090.70","1,093.77","1,086.85","1,097.46","1,082.21","1,039.40"
2017.8.9,"1,083.62","1,091.84","1,080.91","1,090.49","1,088.15","1,097.34","1,082.70","1,040.39"
2017.8.10,"1,082.09","1,084.25","1,059.65","1,060.02","1,084.40","1,095.84","1,082.42","1,041.09"
2017.8.11,"1,053.03","1,068.12","1,052.72","1,066.22","1,081.75","1,093.93","1,083.03","1,041.72"
2017.8.14,"1,078.92","1,094.82","1,078.87","1,093.74","1,080.85","1,093.64","1,083.77","1,042.58"
2017.8.15,"1,095.03","1,098.34","1,088.66","1,096.43","1,081.38","1,093.30","1,084.36","1,043.60"
2017.8.16,"1,099.85","1,102.62","1,093.13","1,098.07","1,082.90","1,092.54","1,084.79","1,044.64"
2017.8.17,"1,091.55","1,095.85","1,069.68","1,069.70","1,084.83","1,090.20","1,084.82","1,045.37"
2017.8.18,"1,076.99","1,080.00","1,066.76","1,071.89","1,085.97","1,088.41","1,084.77","1,046.22"
2017.8.21,"1,073.59","1,073.63","1,057.17","1,064.52","1,080.12","1,086.49","1,084.50","1,046.88"
2017.8.22,"1,071.98","1,083.57","1,071.76","1,081.64","1,077.16","1,085.44","1,084.45","1,047.78"
2017.8.23,"1,072.84","1,088.77","1,072.62","1,086.41","1,074.83","1,083.99","1,084.36","1,048.71"
2017.8.24,"1,090.51","1,091.49","1,079.51","1,085.93","1,078.08","1,083.43","1,084.27","1,049.65"
2017.8.25,"1,090.70","1,091.84","1,078.81","1,080.50","1,079.80","1,082.80","1,084.07","1,050.51"
2017.8.28,"1,083.67","1,083.94","1,077.28","1,082.62","1,083.42","1,082.68","1,083.72","1,051.37"
2017.8.29,"1,070.56","1,087.32","1,070.08","1,084.86","1,084.06","1,082.36","1,083.37","1,052.24"
2017.8.30,"1,088.35","1,104.81","1,086.86","1,103.69","1,087.52","1,083.35","1,083.26","1,053.17"
2017.8.31,"1,106.35","1,115.51","1,105.22","1,114.31","1,093.20","1,085.13","1,083.20","1,054.13"
2017.9.1,"1,117.73","1,124.66","1,117.42","1,119.34","1,100.96","1,087.12","1,082.88","1,055.16"
2017.9.5,"1,112.79","1,116.73","1,094.17","1,103.63","1,105.17","1,087.39","1,083.11","1,055.98"
2017.9.6,"1,108.60","1,110.56","1,099.88","1,105.76","1,109.35","1,087.99","1,083.46","1,056.84"
2017.9.7,"1,108.69","1,111.47","1,102.60","1,107.34","1,110.08","1,088.83","1,083.73","1,057.70"
2017.9.8,"1,106.33","1,107.11","1,090.19","1,093.49","1,105.91","1,090.50","1,083.96","1,058.37"
2017.9.11,"1,103.95","1,117.50","1,103.33","1,115.46","1,105.14","1,092.97","1,084.70","1,059.43"
2017.9.12,"1,118.36","1,123.11","1,113.57","1,120.20","1,108.45","1,094.29","1,085.58","1,060.44"
2017.9.13,"1,117.21","1,124.67","1,113.81","1,122.04","1,111.71","1,095.57","1,086.15","1,061.48"
2017.9.14,"1,118.30","1,133.30","1,117.01","1,127.42","1,115.72","1,097.04","1,087.03","1,062.51"
2017.9.15,"1,130.36","1,147.64","1,130.28","1,146.68","1,126.36","1,100.89","1,088.02","1,063.68"
2017.9.18,"1,153.77","1,168.03","1,153.74","1,160.90","1,135.45","1,105.34","1,089.28","1,064.95"
2017.9.19,"1,163.44","1,169.01","1,157.33","1,164.98","1,144.40","1,110.36","1,090.56","1,066.27"
2017.9.20,"1,165.01","1,165.48","1,133.28","1,148.60","1,149.72","1,113.71","1,091.73","1,067.41"
2017.9.21,"1,146.48","1,147.73","1,134.13","1,143.87","1,153.01","1,116.58","1,093.32","1,068.51"
2017.9.22,"1,139.44","1,151.08","1,139.25","1,149.59","1,153.59","1,119.76","1,094.70","1,069.71"
2017.9.25,"1,144.47","1,144.73","1,122.16","1,126.94","1,146.80","1,122.09","1,096.14","1,070.76"
2017.9.26,"1,136.13","1,138.26","1,122.37","1,126.40","1,139.08","1,124.27","1,097.66","1,071.87"
2017.9.27,"1,141.09","1,157.54","1,137.90","1,153.00","1,139.96","1,127.68","1,099.87","1,073.19"
2017.9.28,"1,150.22","1,162.08","1,149.08","1,161.69","1,143.52","1,130.58","1,101.87","1,074.54"
2017.9.29,"1,165.49","1,172.89","1,160.39","1,171.74","1,147.95","1,133.45","1,104.11","1,076.04"
2017.10.2,"1,176.61","1,184.07","1,170.74","1,178.75","1,158.32","1,136.42","1,106.18","1,077.67"
2017.10.3,"1,180.29","1,185.53","1,177.16","1,182.43","1,169.52","1,140.36","1,108.10","1,079.47"
2017.10.4,"1,179.66","1,185.33","1,174.60","1,185.24","1,175.97","1,144.34","1,109.93","1,081.35"
2017.10.5,"1,188.57","1,189.56","1,179.53","1,186.07","1,180.85","1,148.27","1,111.48","1,083.13"
2017.10.6,"1,182.01","1,191.47","1,181.91","1,191.45","1,184.79","1,153.17","1,113.17","1,084.92"
2017.10.9,"1,194.95","1,201.09","1,194.18","1,199.86","1,189.01","1,157.39","1,114.76","1,086.73"
2017.10.10,"1,209.50","1,210.18","1,194.85","1,207.20","1,193.96","1,161.74","1,116.56","1,088.48"
2017.10.11,"1,204.90","1,215.57","1,204.03","1,215.19","1,199.95","1,166.40","1,118.42","1,090.33"
2017.10.12,"1,214.13","1,219.35","1,210.40","1,211.10","1,204.96","1,170.58","1,120.05","1,092.02"
2017.10.13,"1,218.84","1,223.31","1,213.85","1,219.21","1,210.51","1,174.21","1,121.76","1,093.70"
2017.10.16,"1,224.51","1,225.10","1,216.73","1,224.99","1,215.54","1,177.41","1,123.72","1,095.50"
2017.10.17,"1,223.17","1,225.01","1,218.38","1,224.12","1,218.92","1,180.37","1,125.74","1,097.18"
2017.10.18,"1,226.78","1,230.07","1,212.17","1,228.16","1,221.52","1,184.35","1,127.83","1,099.03"
2017.10.19,"1,216.45","1,225.12","1,206.34","1,225.05","1,224.31","1,188.41","1,129.66","1,100.78"
2017.10.20,"1,235.44","1,237.63","1,229.48","1,231.34","1,226.73","1,192.50","1,131.90","1,102.67"
2017.10.23,"1,237.33","1,243.93","1,231.64","1,237.14","1,229.16","1,198.01","1,134.30","1,104.58"
2017.10.24,"1,239.67","1,247.19","1,236.05","1,245.38","1,233.41","1,203.96","1,136.97","1,106.56"
2017.10.25,"1,236.64","1,242.21","1,216.99","1,229.27","1,233.64","1,207.77","1,139.27","1,108.38"
2017.10.26,"1,233.98","1,239.57","1,230.55","1,237.03","1,236.03","1,211.54","1,141.82","1,110.30"
2017.10.27,"1,248.36","1,264.66","1,239.98","1,263.55","1,242.47","1,216.13","1,144.90","1,112.35"
2017.10.30,"1,261.51","1,270.84","1,258.91","1,265.91","1,248.23","1,220.48","1,148.01","1,114.24"
2017.10.31,"1,265.18","1,279.32","1,265.18","1,275.61","1,254.27","1,225.14","1,150.97","1,116.18"
2017.11.1,"1,284.13","1,284.68","1,260.07","1,271.51","1,262.72","1,229.46","1,153.93","1,118.07"
2017.11.2,"1,270.43","1,280.60","1,263.76","1,277.34","1,270.78","1,234.02","1,157.04","1,119.87"
2017.11.3,"1,282.41","1,300.02","1,273.15","1,299.97","1,278.07","1,239.45","1,161.04","1,121.73"
2017.11.6,"1,314.13","1,318.32","1,302.24","1,317.34","1,288.35","1,245.32","1,165.23","1,124.13"
2017.11.7,"1,314.69","1,319.22","1,308.01","1,316.55","1,296.54","1,250.79","1,168.94","1,126.35"
2017.11.8,"1,314.33","1,321.90","1,310.36","1,321.13","1,306.47","1,256.08","1,172.69","1,128.52"
2017.11.9,"1,306.10","1,306.45","1,278.69","1,294.66","1,309.93","1,260.26","1,175.96","1,130.38"
2017.11.10,"1,298.35","1,303.98","1,295.37","1,303.06","1,310.55","1,264.46","1,179.85","1,132.34"
2017.11.13,"1,297.50","1,308.13","1,296.42","1,306.58","1,308.40","1,268.53","1,183.76","1,134.27"
2017.11.14,"1,301.83","1,308.54","1,295.41","1,305.00","1,306.09","1,272.58","1,187.77","1,136.14"
2017.11.15,"1,296.02","1,298.95","1,283.71","1,293.20","1,300.50","1,275.83","1,191.30","1,137.87"
2017.11.16,"1,301.39","1,318.11","1,301.36","1,313.11","1,304.19","1,280.23","1,195.07","1,139.72"
2017.11.17,"1,319.97","1,320.16","1,304.83","1,306.93","1,304.96","1,284.01","1,198.76","1,141.51"
2017.11.20,"1,312.84","1,324.77","1,311.35","1,322.81","1,308.21","1,288.30","1,202.80","1,143.43"
2017.11.21,"1,329.07","1,338.92","1,327.77","1,337.92","1,314.79","1,292.92","1,207.05","1,145.39"
2017.11.22,"1,339.69","1,340.47","1,327.04","1,329.10","1,321.97","1,297.92","1,211.12","1,147.25"
2017.11.24,"1,333.56","1,342.05","1,333.03","1,341.69","1,327.69","1,303.15","1,215.09","1,149.18"
2017.11.27,"1,329.58","1,331.46","1,322.22","1,324.15","1,331.13","1,306.18","1,218.59","1,150.89"
2017.11.28,"1,326.17","1,326.46","1,316.14","1,323.08","1,331.19","1,309.04","1,221.98","1,152.43"
2017.11.29,"1,319.92","1,320.87","1,252.38","1,265.01","1,316.61","1,308.51","1,224.67","1,153.89"
2017.11.30,"1,274.95","1,284.84","1,263.57","1,272.55","1,305.30","1,308.56","1,227.45","1,155.46"
2017.12.1,"1,262.68","1,265.49","1,227.32","1,258.65","1,288.69","1,307.62","1,229.97","1,156.85"
2017.12.4,"1,268.18","1,268.66","1,220.69","1,227.85","1,269.43","1,304.02","1,232.21","1,158.08"
2017.12.5,"1,221.24","1,251.35","1,213.53","1,228.51","1,250.51","1,299.58","1,234.10","1,159.40"
2017.12.6,"1,217.28","1,234.30","1,211.49","1,232.26","1,243.96","1,295.36","1,235.96","1,160.77"
2017.12.7,"1,243.75","1,248.44","1,236.63","1,244.52","1,238.36","1,291.53","1,238.01","1,162.08"
2017.12.8,"1,255.42","1,259.63","1,237.24","1,238.24","1,234.28","1,288.71","1,239.85","1,163.44"
2017.12.11,"1,238.57","1,248.81","1,236.71","1,245.58","1,237.82","1,285.84","1,241.50","1,164.76"
2017.12.12,"1,240.69","1,241.62","1,232.20","1,233.18","1,238.76","1,282.17","1,242.71","1,165.99"
2017.12.13,"1,238.59","1,244.56","1,232.67","1,233.04","1,238.91","1,278.57","1,243.84","1,167.20"
2017.12.14,"1,235.42","1,240.37","1,229.30","1,232.43","1,236.49","1,275.53","1,245.24","1,168.49"
2017.12.15,"1,234.59","1,254.61","1,231.99","1,250.89","1,239.02","1,272.42","1,247.02","1,170.17"
2017.12.18,"1,262.84","1,278.31","1,259.78","1,277.91","1,245.49","1,270.97","1,249.16","1,171.93"
2017.12.19,"1,277.04","1,281.06","1,269.82","1,276.52","1,254.16","1,268.65","1,251.65","1,173.89"
2017.12.20,"1,289.37","1,291.33","1,274.69","1,285.44","1,264.64","1,266.03","1,254.30","1,175.98"
2017.12.21,"1,286.42","1,287.21","1,270.53","1,271.81","1,272.51","1,263.17","1,256.28","1,178.08"
2017.12.22,"1,268.95","1,272.11","1,263.08","1,271.17","1,276.57","1,259.64","1,258.11","1,179.99"
2017.12.26,"1,256.09","1,259.71","1,248.46","1,258.88","1,272.76","1,256.38","1,259.56","1,181.84"
2017.12.27,"1,259.84","1,269.22","1,258.63","1,263.36","1,270.13","1,253.39","1,260.97","1,183.57"
2017.12.28,"1,268.74","1,269.24","1,264.15","1,266.30","1,266.30","1,253.45","1,262.37","1,185.23"
2017.12.29,"1,267.45","1,268.62","1,253.04","1,253.05","1,262.55","1,252.48","1,263.50","1,186.71"
2018.1.2,"1,261.03","1,287.74","1,258.77","1,287.70","1,265.86","1,253.93","1,265.19","1,188.34"
2018.1.3,"1,291.66","1,310.37","1,291.29","1,309.86","1,276.05","1,258.03","1,267.17","1,190.17"
2018.1.4,"1,315.27","1,321.11","1,306.37","1,317.24","1,286.83","1,262.47","1,269.12","1,191.94"
2018.1.5,"1,321.17","1,330.31","1,316.13","1,325.71","1,298.71","1,267.14","1,271.10","1,193.83"
2018.1.8,"1,323.45","1,339.37","1,321.97","1,335.54","1,315.21","1,271.69","1,273.10","1,195.76"
2018.1.9,"1,335.07","1,337.11","1,320.82","1,322.57","1,322.18","1,275.91","1,274.96","1,197.51"
2018.1.10,"1,306.83","1,312.01","1,296.10","1,306.22","1,321.46","1,278.94","1,276.41","1,199.09"
2018.1.11,"1,309.35","1,314.84","1,305.20","1,314.34","1,320.88","1,283.00","1,277.90","1,200.81"
2018.1.12,"1,315.03","1,324.24","1,310.78","1,322.10","1,320.15","1,287.45","1,279.53","1,202.64"
2018.1.16,"1,334.53","1,340.96","1,318.54","1,325.97","1,318.24","1,292.13","1,281.16","1,204.50"
2018.1.17,"1,338.07","1,366.10","1,336.97","1,364.29","1,326.58","1,297.80","1,283.48","1,206.57"
2018.1.18,"1,363.47","1,377.17","1,362.50","1,370.56","1,339.45","1,302.43","1,285.80","1,208.85"
2018.1.19,"1,375.94","1,378.16","1,363.88","1,372.03","1,350.99","1,307.21","1,288.05","1,211.18"
2018.1.22,"1,372.58","1,382.41","1,367.64","1,382.41","1,363.05","1,312.06","1,290.34","1,213.65"
2018.1.23,"1,386.59","1,393.40","1,383.18","1,392.86","1,376.43","1,318.11","1,293.06","1,216.17"
2018.1.24,"1,373.79","1,383.72","1,351.73","1,360.68","1,375.71","1,322.58","1,295.12","1,218.47"
2018.1.25,"1,376.24","1,379.27","1,337.62","1,337.62","1,369.12","1,326.52","1,296.36","1,220.63"
2018.1.26,"1,357.39","1,381.28","1,355.41","1,381.27","1,370.97","1,332.42","1,298.28","1,223.15"
2018.1.29,"1,372.72","1,388.29","1,362.22","1,378.42","1,370.17","1,338.02","1,299.99","1,225.48"
2018.1.30,"1,354.82","1,366.28","1,348.94","1,350.44","1,361.69","1,342.89","1,301.31","1,227.62"
2018.1.31,"1,367.64","1,370.90","1,354.13","1,361.50","1,361.85","1,346.58","1,302.71","1,229.88"
2018.2.1,"1,352.53","1,374.87","1,349.90","1,355.07","1,365.34","1,348.84","1,303.63","1,232.34"
2018.2.2,"1,341.27","1,344.47","1,317.79","1,317.98","1,352.68","1,348.88","1,303.64","1,234.43"
2018.2.5,"1,303.05","1,328.07","1,253.09","1,255.81","1,328.16","1,345.38","1,302.63","1,235.78"
2018.2.6,"1,241.57","1,302.39","1,238.64","1,301.66","1,318.40","1,343.69","1,302.30","1,237.49"
2018.2.7,"1,287.89","1,303.83","1,272.50","1,272.50","1,300.60","1,341.19","1,301.94","1,238.95"
2018.2.8,"1,277.84","1,280.17","1,218.66","1,218.66","1,273.32","1,336.81","1,300.53","1,240.19"
2018.2.9,"1,246.86","1,263.41","1,203.66","1,255.81","1,260.89","1,333.88","1,299.68","1,241.72"
2018.2.12,"1,268.29","1,287.15","1,259.64","1,279.14","1,265.55","1,331.73","1,299.25","1,243.51"
2018.2.13,"1,270.77","1,279.88","1,266.61","1,278.51","1,260.92","1,329.36","1,299.01","1,245.15"
2018.2.14,"1,270.70","1,309.05","1,269.91","1,307.05","1,267.83","1,326.50","1,298.91","1,246.99"
2018.2.15,"1,316.44","1,322.99","1,291.78","1,322.95","1,288.69","1,324.12","1,299.17","1,248.97"
2018.2.16,"1,318.16","1,334.31","1,317.73","1,318.32","1,301.19","1,321.43","1,299.10","1,250.95"
2018.2.20,"1,314.01","1,353.36","1,313.97","1,341.53","1,313.67","1,319.39","1,299.16","1,253.10"
2018.2.21,"1,345.97","1,349.41","1,324.79","1,325.35","1,323.04","1,316.01","1,299.10","1,255.11"
2018.2.22,"1,330.22","1,336.34","1,318.51","1,322.09","1,326.05","1,314.08","1,298.77","1,256.93"
2018.2.23,"1,336.72","1,351.13","1,332.34","1,351.09","1,331.68","1,314.76","1,299.22","1,258.90"
2018.2.26,"1,360.09","1,380.27","1,359.19","1,380.27","1,344.07","1,314.71","1,300.17","1,261.08"
2018.2.27,"1,379.01","1,397.99","1,374.72","1,374.72","1,350.70","1,314.52","1,302.00","1,263.34"
2018.2.28,"1,383.91","1,385.93","1,361.13","1,362.02","1,358.04","1,315.10","1,303.49","1,265.47"
2018.3.1,"1,362.45","1,367.44","1,324.97","1,340.14","1,361.65","1,314.03","1,304.85","1,267.41"
2018.3.2,"1,324.55","1,365.66","1,322.60","1,363.78","1,364.19","1,314.47","1,307.11","1,269.66"
2018.3.5,"1,354.33","1,382.46","1,349.91","1,375.86","1,363.30","1,317.36","1,309.57","1,271.83"
2018.3.6,"1,386.29","1,399.99","1,381.51","1,396.47","1,367.65","1,324.40","1,312.31","1,274.14"
2018.3.7,"1,382.82","1,402.34","1,382.82","1,400.47","1,375.34","1,329.34","1,314.91","1,276.46"
2018.3.8,"1,408.15","1,409.25","1,393.86","1,402.05","1,387.73","1,335.81","1,317.64","1,278.74"
2018.3.9,"1,411.36","1,431.39","1,410.67","1,431.16","1,401.20","1,346.44","1,320.73","1,281.12"
2018.3.12,"1,441.41","1,453.50","1,437.08","1,445.90","1,415.21","1,355.94","1,324.27","1,283.49"
2018.3.13,"1,454.75","1,464.61","1,417.46","1,423.46","1,420.61","1,363.16","1,327.45","1,285.64"
2018.3.14,"1,429.91","1,430.27","1,410.60","1,423.50","1,425.21","1,370.41","1,330.63","1,287.94"
2018.3.15,"1,428.51","1,431.96","1,415.57","1,422.07","1,429.22","1,376.16","1,333.49","1,290.25"
2018.3.16,"1,427.20","1,430.57","1,419.93","1,422.54","1,427.49","1,381.14","1,335.90","1,292.53"
2018.3.19,"1,409.43","1,414.50","1,375.38","1,394.82","1,417.28","1,384.96","1,337.87","1,294.76"
2018.3.20,"1,397.63","1,409.70","1,396.05","1,405.50","1,413.69","1,388.16","1,339.87","1,297.09"
2018.3.21,"1,403.42","1,425.07","1,401.47","1,407.98","1,410.58","1,392.29","1,342.14","1,299.21"
2018.3.22,"1,386.07","1,399.63","1,368.50","1,368.98","1,399.96","1,394.64","1,343.77","1,300.94"
2018.3.23,"1,365.82","1,370.29","1,323.92","1,323.92","1,380.24","1,393.28","1,344.85","1,302.21"
2018.3.26,"1,354.30","1,380.14","1,338.75","1,380.10","1,377.30","1,393.27","1,346.80","1,303.88"
2018.3.27,"1,390.11","1,391.01","1,317.96","1,327.94","1,361.78","1,390.93","1,347.83","1,305.10"
2018.3.28,"1,319.79","1,331.80","1,294.31","1,299.82","1,340.15","1,387.82","1,348.61","1,306.05"
2018.3.29,"1,312.31","1,340.66","1,300.08","1,328.90","1,332.14","1,387.26","1,349.29","1,307.24"
2018.4.2,"1,316.76","1,326.09","1,265.25","1,277.01","1,322.75","1,382.92","1,348.74","1,307.96"
2018.4.3,"1,292.75","1,305.14","1,279.44","1,302.09","1,307.15","1,379.23","1,348.49","1,308.81"
2018.4.4,"1,266.06","1,321.96","1,266.06","1,319.01","1,305.37","1,375.36","1,348.38","1,309.74"
2018.4.5,"1,325.63","1,329.34","1,296.56","1,305.24","1,306.45","1,370.60","1,347.88","1,310.49"
2018.4.6,"1,285.19","1,301.68","1,260.47","1,265.25","1,293.72","1,363.76","1,346.92","1,310.94"
2018.4.9,"1,276.46","1,310.33","1,272.91","1,273.80","1,293.08","1,355.89","1,346.38","1,311.40"
2018.4.10,"1,305.91","1,321.99","1,295.32","1,314.54","1,295.57","1,349.32","1,346.38","1,312.14"
2018.4.11,"1,306.29","1,326.23","1,304.41","1,315.06","1,294.78","1,343.90","1,346.27","1,312.90"
2018.4.12,"1,325.86","1,343.20","1,324.09","1,339.66","1,301.66","1,339.71","1,346.49","1,313.83"
2018.4.13,"1,355.00","1,355.00","1,325.07","1,329.40","1,314.49","1,335.08","1,345.91","1,314.70"
2018.4.16,"1,336.62","1,339.63","1,321.16","1,332.52","1,326.24","1,330.58","1,345.28","1,315.54"
2018.4.17,"1,342.61","1,360.62","1,340.66","1,357.72","1,334.87","1,328.72","1,345.04","1,316.55"
2018.4.18,"1,346.25","1,351.58","1,331.95","1,343.78","1,340.62","1,325.64","1,344.40","1,317.37"
2018.4.19,"1,313.83","1,319.24","1,281.40","1,285.88","1,329.86","1,319.53","1,342.61","1,317.84"
2018.4.20,"1,285.26","1,291.83","1,265.42","1,270.83","1,318.15","1,314.62","1,341.12","1,318.12"
2018.4.23,"1,275.93","1,278.45","1,251.22","1,253.98","1,302.44","1,311.13","1,339.72","1,318.04"
2018.4.24,"1,266.72","1,276.31","1,232.90","1,243.67","1,279.63","1,304.30","1,337.43","1,317.85"
2018.4.25,"1,249.99","1,253.69","1,223.09","1,242.19","1,259.31","1,300.02","1,335.16","1,317.58"
2018.4.26,"1,263.87","1,268.96","1,254.46","1,268.21","1,255.78","1,298.44","1,333.79","1,317.55"
2018.4.27,"1,284.36","1,285.01","1,252.28","1,258.11","1,253.23","1,294.90","1,332.06","1,317.39"
2018.4.30,"1,260.02","1,265.74","1,239.78","1,244.40","1,251.32","1,293.27","1,330.22","1,316.93"
2018.5.1,"1,242.67","1,266.87","1,240.89","1,265.94","1,255.77","1,291.46","1,329.35","1,316.50"
2018.5.2,"1,266.80","1,270.41","1,254.61","1,259.42","1,259.22","1,288.48","1,329.41","1,316.02"
2018.5.3,"1,248.95","1,272.55","1,240.30","1,267.44","1,259.06","1,286.59","1,328.84","1,315.57"
2018.5.4,"1,257.06","1,297.81","1,253.58","1,296.73","1,266.79","1,288.16","1,329.25","1,315.59"
2018.5.7,"1,303.30","1,314.50","1,301.87","1,308.48","1,279.60","1,289.90","1,330.74","1,315.64"
2018.5.8,"1,308.36","1,318.26","1,302.32","1,318.02","1,290.02","1,290.07","1,331.78","1,315.73"
2018.5.9,"1,320.54","1,336.98","1,317.74","1,336.68","1,305.47","1,291.15","1,332.74","1,316.00"
2018.5.10,"1,346.15","1,361.10","1,344.53","1,360.72","1,324.13","1,292.21","1,334.11","1,316.56"
2018.5.11,"1,353.76","1,363.04","1,348.16","1,350.46","1,334.87","1,293.26","1,334.83","1,316.87"
2018.5.14,"1,367.83","1,382.69","1,364.35","1,367.50","1,346.68","1,295.01","1,335.57","1,317.37"
2018.5.15,"1,359.13","1,361.40","1,342.26","1,351.10","1,353.29","1,294.68","1,336.12","1,317.61"
2018.5.16,"1,355.67","1,372.03","1,355.65","1,370.10","1,359.98","1,295.99","1,336.60","1,317.88"
2018.5.17,"1,365.82","1,376.24","1,355.27","1,364.87","1,360.81","1,299.94","1,337.26","1,318.18"
2018.5.18,"1,349.59","1,354.23","1,341.04","1,345.20","1,359.75","1,303.66","1,337.64","1,318.21"
2018.5.21,"1,365.42","1,372.65","1,347.10","1,359.34","1,358.12","1,308.93","1,337.78","1,318.50"
2018.5.22,"1,369.69","1,376.85","1,362.45","1,366.97","1,361.30","1,315.09","1,337.56","1,318.86"
2018.5.23,"1,352.76","1,374.12","1,350.38","1,373.95","1,362.07","1,321.68","1,337.54","1,319.77"
2018.5.24,"1,373.63","1,382.03","1,362.11","1,378.72","1,364.84","1,327.21","1,337.82","1,320.66"
2018.5.25,"1,379.00","1,392.08","1,377.51","1,390.84","1,373.96","1,333.84","1,338.67","1,321.76"
2018.5.29,"1,383.13","1,392.72","1,371.38","1,380.92","1,378.28","1,340.67","1,338.95","1,323.03"
2018.5.30,"1,388.39","1,399.78","1,383.03","1,389.91","1,382.87","1,346.87","1,339.19","1,324.38"
2018.5.31,"1,383.76","1,393.61","1,377.32","1,379.00","1,383.88","1,352.85","1,338.90","1,325.60"
2018.6.1,"1,391.53","1,411.43","1,387.67","1,411.31","1,390.40","1,360.04","1,339.08","1,326.99"
2018.6.4,"1,412.99","1,423.88","1,409.43","1,422.67","1,396.76","1,366.34","1,339.42","1,328.53"
2018.6.5,"1,427.58","1,432.26","1,420.09","1,428.51","1,406.28","1,372.34","1,339.38","1,330.05"
2018.6.6,"1,430.13","1,438.13","1,423.08","1,437.94","1,415.89","1,378.34","1,339.24","1,331.76"
2018.6.7,"1,438.66","1,440.55","1,414.55","1,424.34","1,424.95","1,382.72","1,339.26","1,333.35"
2018.6.8,"1,407.29","1,414.92","1,400.61","1,412.29","1,425.15","1,385.30","1,339.07","1,334.85"
2018.6.11,"1,409.90","1,416.48","1,404.74","1,408.99","1,422.41","1,388.22","1,338.85","1,336.17"
2018.6.12,"1,412.42","1,417.46","1,404.18","1,416.37","1,419.99","1,390.67","1,338.75","1,337.32"
2018.6.13,"1,416.71","1,429.54","1,413.33","1,414.48","1,415.29","1,393.84","1,339.08","1,338.47"
2018.6.14,"1,420.64","1,429.99","1,414.86","1,423.12","1,415.05","1,396.49","1,339.37","1,339.62"
2018.6.15,"1,414.87","1,423.36","1,409.31","1,422.04","1,417.00","1,399.35","1,339.61","1,340.87"
2018.6.18,"1,407.35","1,409.93","1,395.17","1,407.91","1,416.78","1,402.48","1,340.26","1,342.01"
2018.6.19,"1,381.53","1,392.43","1,370.86","1,391.58","1,411.83","1,404.09","1,341.38","1,343.12"
2018.6.20,"1,400.56","1,405.37","1,392.51","1,398.60","1,408.65","1,405.67","1,341.69","1,344.24"
2018.6.21,"1,408.35","1,408.85","1,379.37","1,381.01","1,400.23","1,406.03","1,342.58","1,345.20"
2018.6.22,"1,388.72","1,389.13","1,367.79","1,371.00","1,390.02","1,405.64","1,343.76","1,346.18"
2018.6.25,"1,347.52","1,348.29","1,311.28","1,328.04","1,374.05","1,402.50","1,343.75","1,346.52"
2018.6.26,"1,334.21","1,339.91","1,326.50","1,333.40","1,362.41","1,400.13","1,344.69","1,346.72"
2018.6.27,"1,338.20","1,343.47","1,300.11","1,300.51","1,342.79","1,395.66","1,344.66","1,346.58"
2018.6.28,"1,298.52","1,313.95","1,295.72","1,311.64","1,328.92","1,392.29","1,344.54","1,346.46"
2018.6.29,"1,321.89","1,329.62","1,313.70","1,313.70","1,317.46","1,387.41","1,344.68","1,346.28"
2018.7.2,"1,297.89","1,322.35","1,293.78","1,321.81","1,316.21","1,382.36","1,345.62","1,346.27"
2018.7.3,"1,326.58","1,327.31","1,296.50","1,297.71","1,309.07","1,375.82","1,346.02","1,346.20"
2018.7.5,"1,312.20","1,333.14","1,311.92","1,332.96","1,315.56","1,370.57","1,346.33","1,346.36"
2018.7.6,"1,330.97","1,351.31","1,325.85","1,349.19","1,323.07","1,366.82","1,346.90","1,346.58"
2018.7.9,"1,359.83","1,360.57","1,342.10","1,358.03","1,331.94","1,364.10","1,347.20","1,346.85"
2018.7.10,"1,360.32","1,375.33","1,359.80","1,372.25","1,342.03","1,362.27","1,347.92","1,346.91"
2018.7.11,"1,351.47","1,358.07","1,336.06","1,336.71","1,349.83","1,358.28","1,347.99","1,346.63"
2018.7.11,"1,351.47","1,358.07","1,336.06","1,336.71","1,350.58","1,354.40","1,347.64","1,346.34"
2018.7.12,"1,331.26","1,347.57","1,324.97","1,346.20","1,349.98","1,350.55","1,347.68","1,346.04"
2018.7.13,"1,348.40","1,349.21","1,339.19","1,340.83","1,346.54","1,346.49","1,348.59","1,345.60"
2018.7.16,"1,341.00","1,348.35","1,338.40","1,339.24","1,339.94","1,343.06","1,349.73","1,345.42"
2018.7.17,"1,329.08","1,359.28","1,328.84","1,358.99","1,344.39","1,341.43","1,351.48","1,345.60"
2018.7.18,"1,367.68","1,371.56","1,360.11","1,369.46","1,350.94","1,339.97","1,353.58","1,345.50"
2018.7.19,"1,365.95","1,371.64","1,357.39","1,365.82","1,354.87","1,339.21","1,355.64","1,345.40"
2018.7.20,"1,364.93","1,366.97","1,352.43","1,359.19","1,358.54","1,338.62","1,357.16","1,345.47"
2018.7.23,"1,352.10","1,363.66","1,335.10","1,361.38","1,362.97","1,340.29","1,358.88","1,345.47"
2018.7.24,"1,368.39","1,377.02","1,345.05","1,346.58","1,360.49","1,340.95","1,360.58","1,345.40"
2018.7.25,"1,345.05","1,353.30","1,328.60","1,353.15","1,357.22","1,343.58","1,362.03","1,345.69"
2018.7.26,"1,368.27","1,379.32","1,363.68","1,378.42","1,359.74","1,346.92","1,364.02","1,346.71"
2018.7.27,"1,384.39","1,391.57","1,362.60","1,372.24","1,362.35","1,349.84","1,365.76","1,347.30"
2018.7.30,"1,374.29","1,375.02","1,351.90","1,358.56","1,361.79","1,351.68","1,366.79","1,348.02"
2018.7.31,"1,370.03","1,386.07","1,364.83","1,367.47","1,365.97","1,355.17","1,367.78","1,349.26"
2018.8.1,"1,367.81","1,379.52","1,359.63","1,365.11","1,368.36","1,356.78","1,368.56","1,350.17"
2018.8.2,"1,348.73","1,380.68","1,348.13","1,378.83","1,368.44","1,358.26","1,369.26","1,351.00"
2018.8.3,"1,379.63","1,382.86","1,372.89","1,381.64","1,370.32","1,359.44","1,369.61","1,351.86"
2018.8.6,"1,376.18","1,389.32","1,371.09","1,389.22","1,376.45","1,360.29","1,370.26","1,352.55"
2018.8.7,"1,392.43","1,400.88","1,390.13","1,400.00","1,382.96","1,363.45","1,370.80","1,353.19"
2018.8.8,"1,399.41","1,406.04","1,395.01","1,403.77","1,390.69","1,366.80","1,371.68","1,353.90"
2018.8.9,"1,397.55","1,397.92","1,388.95","1,389.06","1,392.74","1,368.95","1,372.00","1,354.30"
2018.8.10,"1,360.34","1,366.48","1,348.62","1,354.80","1,387.37","1,369.65","1,371.83","1,354.54"
2018.8.13,"1,357.53","1,368.77","1,355.50","1,356.75","1,380.88","1,370.52","1,372.02","1,354.83"
2018.8.14,"1,364.05","1,366.63","1,352.93","1,354.19","1,371.71","1,370.28","1,371.93","1,354.86"
2018.8.15,"1,341.68","1,347.85","1,321.68","1,334.86","1,357.93","1,368.55","1,371.40","1,354.48"
2018.8.16,"1,343.87","1,344.42","1,329.82","1,333.09","1,346.74","1,366.92","1,370.72","1,354.13"
2018.8.17,"1,317.15","1,327.02","1,304.22","1,323.41","1,340.46","1,365.13","1,369.80","1,353.81"
2018.8.20,"1,325.32","1,330.01","1,307.46","1,322.10","1,333.53","1,363.16","1,368.65","1,353.66"
2018.8.21,"1,326.82","1,351.39","1,326.06","1,348.28","1,332.35","1,363.25","1,368.11","1,353.53"
2018.8.22,"1,340.46","1,355.75","1,336.89","1,354.53","1,336.28","1,363.32","1,367.52","1,353.35"
2018.8.23,"1,354.86","1,365.80","1,353.14","1,356.13","1,340.89","1,362.20","1,367.14","1,353.02"
2018.8.24,"1,364.52","1,376.24","1,361.48","1,375.88","1,351.38","1,362.38","1,366.54","1,352.81"
2018.8.27,"1,386.63","1,407.72","1,383.64","1,397.46","1,366.46","1,364.33","1,366.12","1,352.77"
2018.8.28,"1,403.63","1,408.27","1,389.32","1,402.95","1,377.39","1,366.10","1,365.70","1,352.54"
2018.8.29,"1,399.31","1,410.13","1,397.36","1,406.38","1,387.76","1,368.17","1,365.17","1,352.21"
2018.8.30,"1,402.72","1,407.65","1,391.37","1,393.17","1,395.17","1,368.88","1,364.65","1,351.96"
2018.8.31,"1,392.12","1,402.84","1,392.04","1,401.20","1,400.23","1,369.86","1,364.47","1,351.77"
2018.9.4,"1,395.75","1,411.65","1,391.20","1,410.93","1,402.93","1,370.95","1,364.50","1,351.68"
2018.9.5,"1,411.49","1,413.55","1,392.21","1,403.82","1,403.10","1,371.14","1,364.29","1,351.52"
2018.9.6,"1,398.11","1,399.59","1,365.32","1,366.35","1,395.09","1,369.27","1,363.49","1,351.28"
2018.9.7,"1,361.56","1,380.89","1,357.81","1,360.77","1,388.61","1,367.85","1,362.45","1,350.91"
2018.9.10,"1,371.24","1,376.00","1,362.56","1,375.74","1,383.52","1,368.90","1,361.68","1,350.64"
2018.9.11,"1,366.11","1,371.61","1,354.73","1,361.89","1,373.71","1,369.16","1,360.91","1,350.58"
2018.9.12,"1,341.55","1,346.51","1,316.76","1,346.02","1,362.15","1,368.75","1,360.15","1,350.77"
2018.9.13,"1,364.68","1,378.80","1,356.49","1,362.20","1,361.32","1,370.11","1,359.55","1,350.62"
2018.9.14,"1,369.60","1,382.35","1,365.90","1,377.31","1,364.63","1,372.33","1,359.48","1,351.03"
2018.9.17,"1,370.17","1,375.73","1,356.10","1,357.48","1,360.98","1,374.03","1,359.26","1,351.51"
2018.9.18,"1,363.66","1,377.04","1,363.52","1,368.87","1,362.38","1,376.37","1,359.94","1,351.84"
2018.9.19,"1,371.51","1,377.24","1,365.33","1,371.68","1,367.51","1,377.54","1,360.58","1,352.63"
2018.9.20,"1,381.05","1,392.80","1,381.01","1,387.67","1,372.60","1,379.19","1,362.03","1,353.35"
2018.9.21,"1,386.38","1,394.10","1,380.26","1,383.09","1,373.76","1,380.54","1,363.22","1,353.88"
2018.9.24,"1,375.30","1,389.06","1,369.74","1,388.46","1,379.95","1,381.17","1,364.47","1,354.57"
2018.9.25,"1,383.75","1,383.84","1,362.81","1,364.82","1,379.14","1,379.54","1,365.18","1,355.40"
2018.9.26,"1,360.04","1,367.82","1,350.56","1,351.85","1,375.18","1,376.98","1,366.09","1,356.05"
2018.9.27,"1,356.63","1,362.55","1,352.84","1,357.87","1,369.22","1,374.56","1,366.50","1,356.41"
2018.9.28,"1,355.37","1,370.58","1,351.90","1,366.74","1,365.95","1,373.24","1,366.79","1,356.84"
2018.10.1,"1,370.93","1,382.05","1,367.31","1,370.44","1,362.34","1,371.70","1,367.00","1,357.10"
2018.10.2,"1,368.15","1,389.46","1,368.10","1,370.87","1,363.55","1,369.70","1,366.98","1,357.45"
2018.10.3,"1,378.77","1,381.17","1,359.72","1,372.40","1,367.66","1,368.13","1,367.57","1,357.78"
2018.10.4,"1,362.82","1,363.74","1,336.07","1,347.16","1,365.52","1,367.17","1,367.75","1,357.69"
2018.10.5,"1,346.63","1,348.92","1,303.89","1,315.84","1,355.34","1,364.92","1,367.24","1,357.46"
2018.10.8,"1,306.31","1,317.09","1,289.92","1,301.00","1,341.45","1,361.18","1,366.58","1,357.58"
2018.10.9,"1,299.08","1,305.88","1,291.76","1,300.15","1,327.31","1,358.10","1,365.92","1,357.83"
2018.10.10,"1,278.80","1,282.76","1,241.45","1,242.10","1,301.25","1,352.90","1,363.98","1,357.73"
2018.10.11,"1,244.84","1,266.54","1,220.49","1,229.36","1,277.69","1,346.26","1,361.64","1,357.61"
2018.10.12,"1,264.38","1,269.52","1,234.36","1,253.58","1,265.24","1,340.07","1,359.77","1,357.71"
2018.10.15,"1,245.88","1,255.97","1,237.49","1,241.82","1,253.40","1,334.29","1,357.81","1,357.49"
2018.10.16,"1,255.59","1,284.27","1,255.00","1,282.95","1,249.96","1,329.99","1,356.51","1,357.69"
2018.10.17,"1,292.50","1,295.05","1,268.80","1,277.31","1,257.00","1,325.27","1,355.35","1,357.97"
2018.10.18,"1,271.66","1,271.66","1,241.02","1,245.30","1,260.19","1,318.16","1,353.56","1,357.79"
2018.10.19,"1,253.89","1,260.22","1,221.75","1,225.94","1,254.66","1,310.30","1,351.01","1,357.52"
2018.10.22,"1,236.37","1,241.49","1,223.39","1,234.20","1,253.14","1,302.58","1,348.71","1,357.24"
2018.10.23,"1,197.97","1,234.37","1,189.13","1,227.61","1,242.07","1,295.72","1,346.53","1,356.66"
2018.10.24,"1,204.74","1,207.33","1,144.73","1,146.41","1,215.89","1,285.45","1,342.85","1,355.31"
2018.10.25,"1,151.24","1,182.11","1,151.22","1,173.21","1,201.47","1,276.22","1,339.65","1,354.11"
2018.10.26,"1,145.09","1,172.64","1,134.18","1,153.00","1,186.89","1,265.53","1,335.88","1,352.57"
2018.10.29,"1,175.93","1,181.29","1,119.37","1,140.15","1,168.08","1,254.02","1,331.86","1,350.74"
2018.10.30,"1,141.72","1,188.74","1,140.36","1,187.57","1,160.07","1,244.85","1,328.50","1,349.38"
2018.10.31,"1,205.58","1,211.71","1,191.89","1,202.30","1,171.25","1,236.35","1,325.20","1,348.00"
2018.11.1,"1,210.60","1,261.53","1,210.37","1,258.08","1,188.22","1,231.89","1,322.78","1,347.23"
2018.11.2,"1,257.10","1,260.70","1,224.78","1,239.16","1,205.45","1,228.06","1,320.28","1,346.14"
2018.11.5,"1,233.96","1,235.28","1,208.37","1,228.60","1,223.14","1,224.44","1,318.17","1,345.00"
2018.11.6,"1,226.35","1,246.81","1,226.31","1,242.63","1,234.15","1,221.56","1,316.27","1,344.15"
2018.11.7,"1,255.14","1,260.69","1,242.55","1,257.47","1,245.19","1,222.33","1,314.66","1,343.30"
2018.11.8,"1,241.32","1,260.91","1,240.49","1,252.23","1,244.02","1,223.48","1,313.28","1,342.34"
2018.11.9,"1,235.65","1,239.05","1,218.21","1,229.05","1,242.00","1,222.25","1,311.55","1,341.13"
2018.11.12,"1,207.08","1,208.24","1,170.46","1,174.49","1,231.17","1,218.88","1,309.07","1,339.43"
2018.11.13,"1,186.53","1,213.92","1,184.71","1,190.37","1,220.72","1,214.25","1,306.87","1,337.76"
2018.11.14,"1,205.30","1,212.77","1,183.92","1,194.71","1,208.17","1,210.12","1,304.31","1,336.21"
2018.11.15,"1,189.64","1,239.71","1,189.32","1,234.62","1,204.65","1,209.59","1,302.31","1,334.91"
2018.11.16,"1,194.95","1,225.82","1,193.56","1,220.14","1,202.87","1,209.30","1,300.05","1,333.59"
2018.11.19,"1,213.43","1,217.54","1,172.36","1,173.01","1,202.57","1,206.24","1,296.67","1,331.61"
2018.11.20,"1,143.95","1,190.39","1,143.94","1,174.82","1,199.46","1,203.60","1,292.96","1,329.54"
2018.11.21,"1,191.60","1,196.51","1,179.45","1,179.73","1,196.46","1,205.27","1,289.23","1,327.47"
2018.11.23,"1,168.86","1,189.84","1,168.86","1,179.24","1,185.39","1,205.57","1,285.45","1,325.31"
2018.11.26,"1,199.78","1,201.82","1,184.76","1,201.72","1,181.70","1,208.00","1,282.26","1,323.46"
2018.11.27,"1,193.12","1,213.55","1,189.46","1,204.08","1,187.92","1,211.20","1,278.97","1,321.72"
2018.11.28,"1,214.41","1,231.74","1,192.97","1,231.45","1,199.24","1,213.39","1,275.98","1,320.24"
2018.11.29,"1,226.42","1,233.86","1,219.14","1,221.43","1,207.58","1,214.35","1,272.94","1,318.62"
2018.11.30,"1,220.52","1,239.63","1,210.16","1,239.60","1,219.66","1,213.43","1,270.83","1,317.16"
2018.12.3,"1,278.74","1,281.35","1,259.42","1,272.74","1,233.86","1,215.11","1,269.36","1,315.91"
2018.12.4,"1,263.24","1,263.66","1,208.54","1,209.35","1,234.91","1,214.14","1,266.59","1,314.13"
2018.12.6,"1,178.01","1,202.88","1,170.53","1,202.83","1,229.19","1,212.15","1,263.94","1,312.42"
2018.12.7,"1,200.05","1,202.96","1,152.34","1,157.86","1,216.48","1,207.17","1,260.80","1,310.48"
2018.12.10,"1,157.59","1,178.73","1,152.18","1,174.19","1,203.39","1,203.27","1,257.67","1,308.61"
2018.12.11,"1,200.27","1,208.99","1,174.58","1,181.48","1,185.14","1,200.89","1,254.40","1,306.94"
2018.12.12,"1,203.64","1,216.01","1,190.40","1,198.90","1,183.05","1,202.11","1,251.76","1,305.51"
2018.12.13,"1,208.00","1,211.93","1,190.13","1,194.59","1,181.40","1,202.32","1,248.86","1,304.40"
2018.12.14,"1,179.87","1,201.75","1,177.27","1,177.57","1,185.35","1,201.47","1,245.62","1,303.10"
2018.12.17,"1,175.55","1,193.96","1,155.78","1,162.46","1,183.00","1,197.86","1,241.87","1,301.95"
2018.12.18,"1,173.61","1,195.59","1,171.68","1,177.36","1,182.18","1,195.72","1,238.44","1,300.83"
2018.12.19,"1,167.59","1,183.32","1,122.18","1,127.44","1,167.88","1,193.44","1,234.09","1,299.28"
2018.12.20,"1,131.54","1,144.83","1,104.37","1,117.74","1,152.51","1,190.59","1,229.97","1,297.58"
2018.12.21,"1,135.51","1,138.56","1,097.21","1,101.29","1,137.26","1,186.67","1,225.80","1,295.94"
2018.12.24,"1,091.62","1,103.19","1,068.92","1,069.39","1,118.64","1,181.17","1,220.99","1,293.74"
2018.12.26,"1,082.15","1,131.30","1,066.39","1,131.10","1,109.39","1,177.64","1,217.06","1,291.93"
2018.12.27,"1,112.08","1,140.00","1,101.08","1,139.49","1,111.80","1,174.41","1,213.21","1,290.11"
2018.12.28,"1,144.78","1,168.31","1,137.84","1,147.37","1,117.73","1,170.21","1,209.49","1,288.23"
2018.12.31,"1,160.17","1,164.37","1,143.60","1,155.17","1,128.50","1,166.90","1,205.87","1,286.72"
2019.1.2,"1,131.47","1,173.52","1,131.44","1,165.30","1,147.69","1,163.18","1,202.83","1,285.29"
2019.1.3,"1,136.96","1,142.92","1,094.59","1,096.03","1,140.67","1,154.35","1,199.17","1,283.21"
2019.1.4,"1,114.48","1,148.45","1,111.79","1,143.96","1,141.57","1,151.08","1,196.55","1,281.56"
2019.1.7,"1,147.22","1,176.75","1,143.24","1,166.24","1,145.34","1,149.25","1,194.32","1,280.12"
2019.1.8,"1,177.76","1,177.82","1,145.38","1,160.55","1,146.42","1,149.38","1,192.96","1,278.47"
2019.1.9,"1,175.03","1,195.63","1,174.67","1,189.84","1,151.32","1,150.16","1,192.30","1,276.97"
2019.1.10,"1,181.26","1,202.96","1,178.73","1,201.40","1,172.40","1,151.16","1,191.43","1,275.60"
2019.1.11,"1,194.65","1,224.02","1,192.05","1,213.04","1,186.21","1,151.87","1,190.95","1,274.38"
2019.1.14,"1,196.04","1,202.17","1,187.98","1,194.28","1,191.82","1,151.85","1,189.48","1,272.99"
2019.1.15,"1,202.22","1,210.84","1,191.97","1,197.03","1,199.12","1,152.82","1,188.14","1,271.75"
2019.1.16,"1,197.61","1,206.76","1,186.37","1,187.19","1,198.59","1,154.06","1,187.17","1,270.36"
2019.1.17,"1,177.69","1,206.83","1,172.31","1,200.76","1,198.46","1,155.23","1,186.75","1,268.88"
2019.1.18,"1,210.70","1,236.13","1,206.57","1,228.33","1,201.52","1,160.27","1,186.65","1,267.68"
2019.1.22,"1,217.07","1,217.69","1,185.05","1,193.36","1,201.33","1,164.06","1,186.08","1,266.31"
2019.1.23,"1,200.32","1,205.35","1,174.96","1,185.95","1,199.12","1,168.29","1,186.74","1,264.79"
2019.1.24,"1,218.46","1,258.72","1,218.02","1,253.91","1,212.46","1,177.51","1,188.09","1,263.87"
2019.1.25,"1,260.52","1,285.38","1,250.37","1,281.16","1,228.54","1,185.02","1,190.22","1,263.05"
2019.1.28,"1,234.44","1,264.83","1,230.69","1,254.40","1,233.76","1,190.76","1,192.13","1,261.99"
2019.1.29,"1,255.95","1,258.82","1,234.91","1,236.25","1,242.33","1,195.21","1,192.94","1,260.72"
2019.1.30,"1,254.95","1,276.46","1,244.20","1,271.76","1,259.50","1,201.04","1,194.09","1,259.65"
2019.1.31,"1,266.73","1,282.69","1,260.34","1,272.09","1,263.13","1,206.38","1,194.33","1,258.55"
2019.2.1,"1,275.88","1,292.71","1,274.69","1,287.40","1,264.38","1,215.94","1,195.13","1,257.70"
2019.2.4,"1,285.35","1,293.91","1,276.82","1,293.88","1,272.28","1,223.44","1,196.22","1,257.20"
2019.2.5,"1,291.70","1,305.00","1,291.14","1,300.13","1,285.05","1,230.14","1,197.18","1,256.73"
2019.2.6,"1,321.29","1,343.71","1,321.29","1,333.76","1,297.45","1,238.80","1,198.45","1,256.56"
2019.2.7,"1,314.49","1,322.54","1,293.10","1,303.92","1,303.82","1,244.50","1,199.31","1,256.30"
2019.2.8,"1,284.35","1,304.53","1,279.67","1,302.42","1,306.82","1,249.55","1,200.53","1,256.04"
2019.2.11,"1,307.29","1,311.66","1,297.52","1,308.88","1,309.82","1,254.34","1,202.77","1,255.92"
2019.2.12,"1,324.91","1,339.25","1,322.90","1,336.72","1,317.14","1,261.46","1,205.21","1,256.04"
2019.2.13,"1,342.30","1,350.68","1,336.34","1,340.71","1,318.53","1,268.65","1,207.65","1,255.98"
2019.2.14,"1,336.01","1,353.49","1,334.45","1,344.11","1,326.57","1,276.49","1,209.47","1,255.89"
2019.2.15,"1,355.42","1,358.07","1,343.03","1,351.18","1,336.32","1,284.02","1,211.66","1,255.85"
2019.2.19,"1,345.99","1,357.75","1,345.78","1,348.49","1,344.24","1,290.02","1,214.58","1,255.62"
2019.2.20,"1,353.50","1,368.34","1,353.30","1,360.28","1,348.95","1,298.37","1,217.67","1,255.31"
2019.2.21,"1,359.47","1,363.29","1,346.24","1,350.25","1,350.86","1,306.58","1,220.51","1,254.87"
2019.2.22,"1,361.10","1,366.12","1,355.36","1,364.78","1,355.00","1,312.13","1,223.61","1,254.53"
2019.2.25,"1,384.71","1,391.44","1,374.68","1,375.95","1,359.95","1,316.87","1,226.51","1,254.38"
2019.2.26,"1,371.88","1,377.19","1,362.89","1,366.58","1,363.57","1,322.48","1,229.22","1,254.10"
2019.2.27,"1,358.90","1,359.15","1,336.09","1,349.87","1,361.49","1,328.16","1,231.19","1,253.59"
2019.2.28,"1,342.43","1,354.26","1,339.93","1,350.20","1,361.48","1,332.08","1,233.34","1,253.14"
2019.3.1,"1,365.62","1,368.84","1,348.73","1,363.13","1,361.15","1,336.63","1,235.40","1,253.11"
2019.3.4,"1,372.71","1,376.23","1,346.45","1,363.25","1,358.61","1,340.42","1,236.91","1,253.13"
2019.3.5,"1,361.19","1,365.34","1,351.77","1,356.90","1,356.67","1,343.58","1,239.36","1,252.98"
2019.3.6,"1,354.81","1,355.19","1,333.33","1,333.82","1,353.46","1,345.26","1,241.55","1,252.74"
2019.3.7,"1,326.92","1,328.60","1,311.40","1,319.09","1,347.24","1,344.53","1,244.23","1,252.52"
2019.3.8,"1,297.24","1,319.33","1,292.76","1,318.21","1,338.25","1,345.24","1,246.63","1,252.15"
2019.3.11,"1,325.95","1,355.81","1,324.48","1,349.88","1,335.58","1,347.61","1,249.44","1,251.92"
2019.3.12,"1,354.23","1,362.13","1,342.63","1,355.12","1,335.22","1,349.93","1,252.05","1,251.90"
2019.3.13,"1,362.75","1,371.33","1,358.83","1,360.77","1,340.61","1,351.13","1,254.81","1,251.84"
2019.3.14,"1,362.22","1,367.08","1,352.57","1,353.06","1,347.41","1,351.75","1,257.74","1,251.68"
2019.3.15,"1,373.76","1,402.45","1,371.22","1,392.36","1,362.24","1,354.16","1,261.57","1,251.72"
2019.3.18,"1,392.66","1,401.72","1,380.88","1,388.77","1,370.02","1,356.04","1,265.09","1,251.77"
2019.3.19,"1,398.55","1,411.68","1,398.55","1,407.35","1,380.46","1,358.98","1,269.76","1,251.92"
2019.3.20,"1,410.12","1,413.82","1,384.87","1,393.01","1,386.91","1,360.62","1,274.35","1,252.16"
2019.3.21,"1,399.52","1,450.76","1,399.52","1,441.83","1,404.66","1,365.20","1,280.02","1,252.91"
2019.3.22,"1,433.21","1,437.63","1,399.73","1,400.37","1,406.27","1,366.98","1,285.54","1,253.26"
2019.3.25,"1,388.39","1,403.03","1,371.91","1,382.75","1,405.06","1,367.32","1,289.73","1,253.40"
2019.3.26,"1,399.85","1,408.74","1,386.32","1,396.75","1,402.94","1,368.82","1,294.02","1,253.62"
2019.3.27,"1,398.52","1,402.08","1,366.69","1,376.48","1,399.64","1,370.15","1,297.84","1,253.66"
2019.3.28,"1,380.17","1,391.14","1,365.16","1,373.80","1,386.03","1,371.33","1,301.48","1,253.67"
2019.3.29,"1,392.08","1,398.05","1,386.89","1,395.51","1,385.06","1,372.95","1,305.32","1,254.08"
2019.4.1,"1,417.66","1,431.55","1,410.52","1,430.24","1,394.56","1,376.30","1,310.89","1,255.03"
2019.4.2,"1,431.55","1,434.85","1,423.22","1,431.63","1,401.53","1,380.04","1,315.69","1,256.12"
2019.4.3,"1,451.65","1,476.61","1,450.60","1,464.19","1,419.07","1,386.56","1,320.65","1,257.49"
2019.4.4,"1,460.02","1,475.27","1,458.90","1,465.89","1,437.49","1,393.90","1,325.74","1,259.35"
2019.4.5,"1,475.14","1,478.10","1,467.02","1,477.65","1,453.92","1,401.87","1,330.54","1,261.42"
2019.4.8,"1,472.33","1,482.48","1,468.12","1,481.38","1,464.15","1,408.45","1,335.20","1,263.32"
2019.4.9,"1,472.24","1,472.24","1,458.26","1,464.52","1,470.73","1,413.92","1,339.39","1,265.17"
2019.4.10,"1,465.23","1,481.30","1,463.64","1,477.16","1,473.32","1,419.73","1,344.11","1,266.79"
2019.4.11,"1,478.33","1,486.02","1,471.61","1,476.07","1,475.36","1,425.89","1,348.76","1,268.45"
2019.4.12,"1,490.43","1,497.13","1,484.96","1,497.12","1,479.25","1,431.12","1,353.93","1,270.55"
2019.4.15,"1,496.95","1,498.10","1,477.45","1,485.82","1,480.14","1,435.98","1,358.68","1,272.71"
2019.4.16,"1,495.60","1,533.61","1,495.23","1,533.22","1,493.88","1,442.27","1,363.76","1,275.21"
2019.4.17,"1,566.77","1,576.79","1,545.86","1,557.08","1,509.86","1,450.47","1,369.82","1,277.95"
2019.4.18,"1,557.42","1,562.64","1,550.88","1,558.13","1,526.27","1,456.29","1,376.02","1,281.38"
2019.4.22,"1,553.19","1,561.84","1,547.42","1,558.29","1,538.51","1,464.18","1,381.10","1,284.59"
2019.4.23,"1,562.28","1,579.03","1,561.37","1,574.05","1,556.15","1,473.75","1,385.98","1,288.10"
2019.4.24,"1,575.55","1,604.57","1,575.38","1,589.02","1,567.31","1,483.36","1,391.55","1,291.84"
2019.4.25,"1,582.35","1,583.73","1,547.26","1,560.32","1,567.96","1,492.55","1,396.96","1,294.95"
2019.4.26,"1,530.02","1,547.63","1,515.49","1,547.40","1,565.82","1,501.23","1,401.55","1,297.82"
2019.4.29,"1,546.44","1,551.14","1,538.20","1,544.44","1,563.05","1,508.68","1,406.09","1,300.21"
2019.4.30,"1,547.29","1,559.53","1,541.82","1,556.18","1,559.47","1,514.98","1,410.57","1,302.85"
2019.5.1,"1,570.36","1,579.19","1,543.31","1,543.48","1,550.36","1,520.57","1,414.73","1,305.47"
2019.5.2,"1,542.43","1,576.67","1,540.69","1,560.61","1,550.42","1,525.39","1,419.07","1,308.12"
2019.5.3,"1,564.50","1,571.43","1,552.96","1,570.70","1,555.08","1,530.63","1,423.02","1,310.73"
2019.5.6,"1,514.08","1,545.34","1,513.20","1,543.73","1,554.94","1,533.94","1,427.02","1,313.16"
2019.5.7,"1,522.40","1,527.28","1,489.97","1,506.32","1,544.97","1,535.18","1,430.41","1,315.47"
2019.5.8,"1,494.86","1,517.18","1,491.82","1,494.48","1,535.17","1,536.68","1,433.51","1,318.14"
2019.5.9,"1,466.59","1,483.76","1,443.98","1,476.80","1,518.41","1,536.66","1,435.84","1,320.53"
2019.5.10,"1,469.07","1,487.33","1,444.14","1,478.87","1,500.04","1,536.80","1,438.14","1,322.90"
2019.5.13,"1,431.14","1,438.48","1,403.35","1,408.95","1,473.08","1,532.39","1,439.23","1,324.35"
2019.5.14,"1,423.55","1,449.99","1,420.73","1,442.83","1,460.39","1,530.24","1,440.75","1,326.20"
2019.5.15,"1,428.48","1,464.13","1,427.45","1,454.50","1,452.39","1,526.31","1,442.52","1,328.55"
2019.5.16,"1,431.96","1,446.18","1,421.67","1,430.11","1,443.05","1,519.96","1,443.68","1,330.68"
2019.5.17,"1,408.06","1,436.15","1,396.80","1,402.01","1,427.68","1,512.15","1,444.55","1,332.53"
2019.5.20,"1,355.91","1,367.71","1,337.15","1,345.58","1,415.01","1,501.52","1,444.23","1,333.92"
2019.5.21,"1,375.49","1,380.57","1,362.96","1,374.21","1,401.28","1,491.53","1,444.20","1,335.35"
2019.5.22,"1,345.06","1,359.16","1,341.11","1,345.04","1,379.39","1,479.33","1,443.84","1,336.53"
2019.5.23,"1,316.35","1,324.46","1,302.13","1,322.84","1,357.94","1,467.45","1,443.39","1,337.29"
2019.5.24,"1,334.22","1,339.43","1,310.91","1,311.97","1,339.93","1,455.68","1,442.75","1,338.04"
2019.5.28,"1,317.88","1,323.76","1,298.09","1,300.30","1,330.87","1,443.48","1,441.70","1,338.55"
2019.5.29,"1,288.50","1,311.36","1,286.99","1,305.57","1,317.14","1,430.94","1,440.74","1,338.82"
2019.5.30,"1,309.97","1,325.78","1,305.29","1,315.29","1,311.19","1,419.54","1,440.05","1,339.71"
2019.5.31,"1,298.12","1,317.45","1,295.17","1,296.18","1,305.86","1,406.31","1,439.42","1,340.48"
2019.6.3,"1,313.32","1,324.80","1,293.11","1,300.52","1,303.57","1,392.80","1,439.11","1,341.67"
2019.6.4,"1,323.13","1,356.26","1,312.73","1,355.26","1,314.56","1,383.38","1,439.73","1,343.18"
2019.6.5,"1,365.31","1,369.53","1,328.20","1,345.10","1,322.47","1,375.32","1,439.65","1,344.55"
2019.6.6,"1,348.06","1,368.71","1,342.65","1,363.13","1,332.04","1,368.75","1,439.78","1,345.91"
2019.6.7,"1,369.62","1,382.63","1,365.71","1,378.81","1,348.56","1,363.85","1,440.08","1,347.45"
2019.6.10,"1,399.13","1,430.42","1,398.91","1,413.89","1,371.24","1,360.60","1,441.10","1,349.42"
2019.6.11,"1,438.96","1,440.80","1,408.38","1,418.02","1,383.79","1,361.06","1,441.53","1,351.55"
2019.6.12,"1,404.71","1,405.31","1,383.66","1,384.95","1,391.76","1,358.16","1,441.46","1,353.28"
2019.6.13,"1,392.85","1,398.31","1,382.65","1,392.94","1,397.72","1,355.09","1,441.22","1,355.49"
2019.6.14,"1,351.17","1,363.22","1,347.99","1,356.55","1,393.27","1,351.41","1,440.61","1,357.48"
2019.6.17,"1,357.33","1,361.87","1,346.90","1,347.86","1,380.06","1,348.70","1,439.05","1,359.54"
2019.6.18,"1,364.82","1,415.43","1,362.26","1,406.16","1,377.69","1,351.73","1,439.14","1,362.34"
2019.6.19,"1,414.52","1,416.92","1,400.31","1,407.30","1,382.16","1,353.38","1,439.55","1,364.64"
2019.6.20,"1,439.86","1,441.39","1,413.82","1,421.03","1,387.78","1,357.18","1,439.96","1,366.99"
2019.6.21,"1,414.26","1,424.84","1,408.79","1,410.50","1,398.57","1,361.57","1,440.53","1,369.18"
2019.6.24,"1,412.74","1,417.97","1,407.69","1,412.08","1,411.41","1,366.57","1,441.16","1,371.32"
2019.6.25,"1,413.75","1,420.34","1,390.33","1,391.12","1,408.41","1,371.11","1,441.09","1,373.21"
2019.6.26,"1,420.01","1,444.15","1,419.92","1,435.83","1,414.11","1,377.63","1,441.18","1,376.04"
2019.6.27,"1,447.78","1,464.85","1,446.17","1,456.90","1,421.29","1,384.71","1,441.60","1,378.64"
2019.6.28,"1,469.49","1,471.85","1,455.97","1,458.96","1,430.98","1,392.85","1,441.52","1,381.08"
2019.7.1,"1,524.14","1,531.37","1,486.31","1,497.55","1,448.07","1,402.70","1,442.04","1,383.89"
2019.7.2,"1,491.27","1,491.27","1,470.95","1,476.83","1,465.21","1,408.78","1,442.03","1,386.28"
2019.7.3,"1,474.50","1,474.62","1,460.15","1,470.49","1,472.15","1,415.04","1,441.85","1,388.53"
2019.7.5,"1,454.14","1,464.07","1,446.53","1,461.70","1,473.11","1,419.97","1,441.80","1,390.60"
2019.7.8,"1,448.86","1,455.19","1,442.57","1,450.41","1,471.40","1,423.55","1,441.36","1,392.73"
2019.7.9,"1,440.43","1,462.81","1,440.11","1,461.21","1,464.13","1,425.92","1,441.11","1,394.93"
2019.7.10,"1,474.55","1,492.34","1,469.81","1,471.51","1,463.06","1,428.59","1,440.68","1,397.30"
2019.7.11,"1,476.75","1,481.65","1,467.35","1,476.28","1,464.22","1,433.16","1,440.52","1,399.60"
2019.7.12,"1,482.56","1,504.66","1,482.36","1,504.28","1,472.74","1,438.73","1,440.04","1,401.90"
2019.7.15,"1,512.57","1,521.63","1,508.03","1,515.92","1,485.84","1,446.70","1,439.35","1,404.59"
2019.7.16,"1,506.67","1,508.47","1,492.58","1,499.64","1,493.53","1,454.28","1,438.38","1,407.20"
2019.7.17,"1,508.24","1,511.71","1,500.65","1,503.87","1,500.00","1,459.17","1,437.47","1,409.28"
2019.7.18,"1,504.78","1,530.00","1,504.51","1,526.97","1,510.14","1,465.15","1,436.69","1,411.33"
2019.7.19,"1,530.07","1,538.87","1,523.42","1,523.91","1,514.06","1,470.30","1,435.60","1,413.58"
2019.7.22,"1,535.68","1,556.39","1,535.68","1,554.09","1,521.70","1,477.48","1,435.50","1,416.23"
2019.7.23,"1,562.26","1,573.41","1,556.18","1,573.27","1,536.42","1,485.54","1,435.93","1,418.74"
2019.7.24,"1,589.41","1,625.11","1,589.41","1,622.02","1,560.05","1,497.08","1,437.22","1,421.66"
2019.7.25,"1,606.64","1,608.75","1,590.36","1,594.12","1,573.48","1,505.00","1,437.86","1,424.21"
2019.7.26,"1,604.24","1,605.74","1,593.50","1,593.86","1,587.47","1,511.84","1,438.70","1,426.71"
2019.7.29,"1,592.35","1,600.53","1,578.21","1,598.02","1,596.26","1,518.80","1,439.32","1,429.19"
2019.7.30,"1,579.10","1,597.89","1,578.15","1,593.82","1,600.37","1,523.61","1,439.70","1,431.36"
2019.7.31,"1,581.95","1,583.90","1,527.38","1,542.44","1,584.45","1,526.89","1,439.68","1,433.35"
2019.8.1,"1,539.06","1,579.49","1,498.89","1,511.98","1,568.02","1,528.97","1,439.78","1,435.10"
2019.8.2,"1,494.52","1,508.61","1,476.41","1,488.43","1,546.94","1,530.30","1,439.68","1,436.59"
2019.8.5,"1,443.24","1,446.01","1,411.73","1,423.52","1,512.04","1,528.96","1,438.79","1,437.32"
2019.8.6,"1,448.71","1,459.72","1,425.87","1,441.77","1,481.63","1,527.99","1,438.17","1,438.16"
2019.8.7,"1,424.88","1,455.53","1,423.61","1,452.12","1,463.56","1,527.02","1,438.89","1,439.06"
2019.8.8,"1,464.45","1,491.57","1,455.32","1,491.26","1,459.42","1,527.77","1,439.70","1,440.22"
2019.8.9,"1,476.53","1,481.33","1,455.20","1,464.34","1,454.60","1,525.77","1,439.86","1,441.19"
2019.8.12,"1,453.29","1,464.22","1,439.99","1,446.98","1,459.29","1,522.32","1,440.14","1,441.91"
2019.8.13,"1,442.55","1,501.20","1,436.80","1,489.66","1,468.87","1,521.82","1,441.60","1,443.07"
2019.8.14,"1,452.28","1,465.95","1,435.50","1,442.54","1,466.96","1,518.76","1,443.22","1,443.72"
2019.8.15,"1,448.54","1,452.67","1,427.23","1,439.29","1,456.56","1,514.37","1,444.30","1,444.25"
2019.8.16,"1,454.69","1,482.69","1,454.69","1,479.25","1,459.54","1,512.14","1,446.54","1,445.19"
2019.8.19,"1,513.12","1,519.30","1,499.49","1,506.99","1,471.55","1,509.78","1,449.61","1,446.50"
2019.8.20,"1,502.57","1,509.44","1,491.15","1,498.90","1,473.39","1,506.07","1,452.72","1,447.74"
2019.8.21,"1,512.60","1,519.35","1,505.97","1,512.72","1,487.43","1,500.60","1,456.27","1,448.98"
2019.8.22,"1,515.78","1,520.20","1,497.04","1,512.25","1,502.02","1,496.51","1,459.71","1,450.23"
2019.8.23,"1,494.07","1,505.20","1,441.97","1,446.38","1,495.45","1,489.13","1,461.89","1,450.97"
2019.8.26,"1,467.68","1,469.40","1,452.99","1,458.88","1,485.83","1,482.18","1,464.61","1,452.01"
2019.8.27,"1,470.73","1,475.44","1,445.85","1,454.12","1,476.87","1,475.19","1,467.17","1,453.14"
2019.8.28,"1,446.92","1,464.78","1,437.40","1,462.85","1,466.90","1,471.21","1,468.96","1,454.34"
2019.8.29,"1,487.98","1,505.38","1,487.98","1,495.82","1,463.61","1,470.40","1,471.47","1,455.56"
2019.8.30,"1,510.98","1,517.34","1,497.09","1,504.92","1,475.32","1,471.23","1,473.83","1,456.81"
2019.9.3,"1,490.72","1,493.13","1,470.36","1,478.32","1,479.21","1,473.97","1,475.49","1,457.79"
2019.9.4,"1,504.00","1,519.70","1,503.49","1,519.55","1,492.29","1,477.86","1,477.25","1,459.18"
2019.9.5,"1,552.77","1,583.74","1,552.77","1,566.21","1,512.96","1,483.56","1,479.72","1,460.62"
2019.9.6,"1,567.79","1,573.99","1,558.88","1,568.34","1,527.47","1,487.42","1,482.78","1,462.12"
2019.9.9,"1,578.69","1,588.81","1,569.72","1,576.39","1,541.76","1,493.02","1,485.84","1,463.53"
2019.9.10,"1,568.89","1,583.22","1,558.06","1,583.15","1,562.73","1,499.83","1,489.61","1,465.11"
2019.9.11,"1,587.62","1,606.24","1,580.22","1,606.19","1,580.06","1,505.65","1,493.92","1,466.48"
2019.9.12,"1,615.98","1,625.16","1,599.87","1,610.79","1,588.97","1,514.07","1,497.33","1,468.24"
2019.9.13,"1,610.65","1,613.77","1,598.21","1,605.65","1,596.43","1,522.38","1,500.64","1,470.09"
2019.9.16,"1,586.58","1,601.93","1,580.96","1,594.49","1,600.05","1,528.15","1,503.53","1,471.74"
2019.9.17,"1,591.08","1,600.86","1,582.50","1,599.74","1,603.37","1,532.78","1,506.68","1,473.60"
2019.9.18,"1,598.25","1,601.45","1,578.86","1,600.95","1,602.32","1,537.89","1,509.83","1,475.50"
2019.9.19,"1,605.13","1,608.31","1,590.49","1,592.07","1,598.58","1,541.85","1,513.18","1,477.13"
2019.9.20,"1,591.85","1,592.19","1,556.97","1,563.00","1,590.05","1,544.39","1,515.30","1,478.24"
2019.9.23,"1,563.10","1,586.47","1,563.10","1,578.09","1,586.77","1,550.98","1,517.32","1,479.46"
2019.9.24,"1,586.68","1,590.22","1,544.99","1,551.99","1,577.22","1,555.63","1,518.87","1,480.19"
2019.9.25,"1,542.50","1,584.16","1,532.41","1,579.56","1,572.94","1,561.90","1,520.24","1,481.14"
2019.9.26,"1,580.42","1,585.38","1,565.57","1,580.10","1,570.55","1,567.77","1,521.96","1,481.99"
2019.9.27,"1,568.13","1,575.18","1,531.71","1,542.87","1,566.52","1,570.12","1,523.16","1,482.51"
2019.9.30,"1,550.59","1,560.24","1,543.55","1,558.75","1,562.65","1,572.81","1,524.78","1,483.29"
2019.10.1,"1,572.15","1,587.97","1,538.96","1,544.20","1,561.10","1,576.10","1,526.34","1,483.85"
2019.10.2,"1,529.20","1,534.66","1,510.53","1,519.77","1,549.14","1,576.11","1,527.32","1,484.21"
2019.10.3,"1,522.27","1,547.32","1,502.73","1,545.76","1,542.27","1,575.09","1,528.56","1,484.62"
2019.10.4,"1,555.84","1,575.12","1,551.73","1,574.39","1,548.57","1,575.39","1,530.19","1,485.36"
2019.10.7,"1,572.69","1,579.16","1,562.83","1,563.17","1,549.46","1,574.73","1,531.17","1,485.61"
2019.10.8,"1,545.27","1,546.80","1,514.22","1,514.45","1,543.51","1,571.30","1,531.15","1,485.25"
2019.10.9,"1,537.33","1,550.35","1,532.03","1,540.85","1,547.72","1,568.03","1,531.84","1,485.11"
2019.10.10,"1,546.04","1,571.40","1,545.11","1,555.79","1,549.73","1,565.28","1,532.70","1,485.09"
2019.10.11,"1,587.99","1,609.47","1,584.15","1,591.13","1,553.08","1,564.56","1,533.77","1,485.23"
2019.10.14,"1,588.71","1,594.14","1,583.18","1,590.40","1,558.52","1,564.35","1,534.88","1,485.24"
2019.10.15,"1,600.72","1,629.53","1,598.50","1,625.69","1,580.77","1,565.65","1,536.07","1,485.79"
2019.10.16,"1,613.72","1,624.96","1,599.04","1,601.79","1,592.96","1,565.69","1,536.55","1,486.24"
2019.10.17,"1,620.67","1,625.59","1,598.01","1,607.16","1,603.23","1,566.45","1,536.30","1,486.76"
2019.10.18,"1,601.90","1,608.25","1,575.29","1,590.09","1,603.03","1,567.80","1,536.23","1,487.04"
2019.10.21,"1,606.13","1,620.83","1,601.03","1,620.04","1,608.95","1,569.90","1,536.67","1,487.68"
2019.10.22,"1,622.59","1,626.43","1,607.00","1,607.60","1,605.34","1,572.68","1,536.83","1,488.07"
2019.10.23,"1,576.29","1,590.77","1,566.46","1,576.58","1,600.29","1,572.53","1,536.54","1,488.12"
2019.10.24,"1,600.78","1,616.06","1,594.99","1,615.51","1,601.96","1,574.30","1,537.76","1,488.72"
2019.10.25,"1,624.67","1,650.20","1,624.59","1,648.67","1,613.68","1,579.59","1,540.04","1,489.91"
2019.10.28,"1,662.64","1,679.73","1,662.64","1,677.57","1,625.19","1,585.53","1,543.19","1,491.43"
2019.10.29,"1,682.12","1,691.16","1,661.15","1,662.46","1,636.16","1,591.44","1,547.17","1,492.98"
2019.10.30,"1,670.93","1,670.96","1,649.68","1,661.46","1,653.13","1,598.53","1,550.83","1,494.50"
2019.10.31,"1,652.89","1,653.21","1,630.87","1,651.22","1,660.28","1,603.80","1,554.15","1,496.52"
2019.11.1,"1,667.29","1,690.04","1,661.72","1,689.93","1,668.53","1,609.58","1,557.46","1,498.58"
2019.11.4,"1,714.86","1,729.69","1,710.68","1,726.92","1,678.40","1,617.77","1,561.84","1,500.85"
2019.11.5,"1,729.93","1,742.96","1,723.99","1,730.15","1,691.94","1,628.55","1,566.56","1,503.35"
2019.11.6,"1,721.46","1,722.20","1,699.49","1,715.67","1,702.78","1,637.29","1,570.33","1,505.96"
2019.11.7,"1,740.96","1,745.69","1,719.73","1,727.68","1,718.07","1,645.89","1,575.08","1,509.15"
2019.11.8,"1,717.80","1,736.90","1,710.96","1,736.78","1,727.44","1,653.17","1,580.04","1,512.17"
2019.11.11,"1,722.30","1,731.02","1,714.81","1,727.59","1,727.57","1,660.03","1,584.18","1,515.36"
2019.11.12,"1,737.14","1,745.29","1,725.69","1,732.42","1,728.03","1,665.36","1,587.93","1,518.77"
2019.11.13,"1,718.25","1,737.94","1,714.90","1,732.86","1,731.47","1,671.92","1,591.83","1,522.28"
2019.11.14,"1,724.30","1,729.52","1,715.28","1,727.59","1,731.45","1,677.94","1,595.41","1,525.84"
2019.11.15,"1,749.70","1,758.26","1,735.42","1,742.93","1,732.68","1,685.58","1,599.26","1,529.48"
2019.11.18,"1,738.91","1,750.44","1,730.33","1,738.78","1,734.92","1,691.52","1,604.13","1,533.01"
2019.11.19,"1,749.42","1,750.25","1,721.41","1,730.50","1,734.53","1,697.66","1,608.66","1,536.63"
2019.11.20,"1,721.44","1,730.96","1,697.82","1,710.14","1,729.99","1,704.34","1,612.92","1,540.05"
2019.11.21,"1,693.17","1,706.83","1,684.44","1,690.83","1,722.64","1,708.11","1,616.72","1,542.84"
2019.11.22,"1,698.99","1,705.29","1,686.59","1,690.79","1,712.21","1,710.21","1,619.97","1,545.72"
2019.11.25,"1,706.56","1,732.34","1,706.56","1,731.95","1,710.84","1,712.93","1,623.76","1,548.80"
2019.11.26,"1,728.26","1,729.33","1,716.39","1,723.26","1,709.39","1,715.97","1,627.84","1,551.67"
2019.11.27,"1,730.62","1,736.32","1,729.42","1,735.91","1,714.55","1,719.69","1,631.45","1,554.35"
2019.11.29,"1,725.84","1,729.11","1,715.78","1,716.84","1,719.75","1,722.98","1,633.96","1,556.84"
2019.12.2,"1,721.01","1,721.01","1,690.16","1,691.75","1,719.94","1,723.07","1,636.01","1,559.40"
2019.12.3,"1,653.42","1,666.30","1,647.03","1,665.71","1,706.69","1,720.01","1,637.50","1,561.67"
2019.12.4,"1,687.34","1,697.31","1,685.28","1,691.45","1,700.33","1,718.07","1,639.31","1,564.46"
2019.12.5,"1,698.98","1,706.19","1,690.93","1,697.66","1,692.68","1,717.17","1,640.83","1,567.38"
2019.12.6,"1,717.82","1,728.21","1,717.26","1,724.21","1,694.16","1,717.00","1,642.72","1,570.03"
2019.12.9,"1,724.74","1,729.06","1,714.75","1,714.98","1,698.80","1,715.91","1,644.54","1,572.59"
2019.12.10,"1,720.00","1,733.15","1,715.96","1,720.90","1,709.84","1,715.57","1,646.65","1,575.09"
2019.12.11,"1,726.89","1,760.39","1,726.87","1,759.20","1,723.39","1,716.91","1,649.31","1,577.99"
2019.12.12,"1,758.03","1,808.50","1,757.68","1,806.87","1,745.23","1,720.61","1,652.74","1,581.28"
2019.12.13,"1,800.01","1,824.24","1,789.36","1,796.04","1,759.60","1,724.03","1,656.14","1,584.66"
2019.12.16,"1,817.64","1,830.13","1,813.09","1,813.31","1,779.26","1,727.55","1,660.31","1,587.80"
2019.12.17,"1,821.94","1,825.91","1,813.51","1,821.92","1,799.47","1,731.71","1,664.38","1,590.85"
2019.12.18,"1,824.23","1,826.58","1,815.50","1,820.29","1,811.69","1,736.20","1,668.85","1,593.86"
2019.12.19,"1,827.77","1,835.26","1,819.65","1,834.97","1,817.31","1,742.44","1,673.10","1,596.67"
2019.12.20,"1,837.79","1,856.41","1,837.67","1,853.87","1,828.87","1,750.59","1,677.67","1,599.81"
2019.12.23,"1,862.31","1,865.11","1,855.91","1,857.12","1,837.63","1,758.91","1,682.90","1,603.03"
2019.12.24,"1,859.96","1,862.62","1,851.59","1,862.20","1,845.69","1,765.42","1,687.96","1,606.37"
2019.12.26,"1,865.42","1,867.40","1,857.27","1,864.49","1,854.53","1,772.48","1,693.30","1,609.82"
2019.12.27,"1,870.62","1,871.21","1,853.92","1,858.59","1,859.25","1,778.62","1,698.95","1,613.13"
2019.12.30,"1,856.63","1,856.67","1,832.08","1,844.39","1,857.36","1,785.00","1,703.92","1,616.24"
2019.12.31,"1,836.18","1,851.06","1,835.29","1,849.62","1,855.86","1,792.89","1,708.51","1,619.35"